timestamp_ms,q_cmd_rad,q_actual_rad,q_error_rad,vel_rad_s,tau_feedback_Nm,contact_tau,contact_pos,label
0,1.96876,0.96876,1.00000,-0.00733,-0.00244,0,1,soft
5,1.96876,0.96876,1.00000,-0.00733,-0.00244,0,1,soft
10,1.96876,0.96876,1.00000,-0.00733,-0.00244,0,1,soft
15,1.96876,0.96876,1.00000,-0.00733,-0.00244,0,1,soft
20,1.96876,0.96876,1.00000,-0.00733,-0.00244,0,1,soft
25,1.96876,0.96876,1.00000,-0.00733,-0.00244,0,1,soft
30,1.96876,0.97601,0.99275,3.05495,0.84738,0,1,soft
35,1.96876,0.99737,0.97139,4.88645,0.59341,0,1,soft
40,1.96876,1.01987,0.94888,4.49084,0.29060,0,1,soft
45,1.96876,1.04200,0.92676,4.30037,0.19780,0,1,soft
50,1.96876,1.06413,0.90463,4.35897,0.15873,0,1,soft
55,1.96876,1.08587,0.88289,4.28572,0.10989,0,1,soft
60,1.96876,1.10761,0.86114,4.15385,0.09524,0,1,soft
65,1.96876,1.12783,0.84092,4.02198,0.09524,0,1,soft
70,1.96876,1.14805,0.82071,3.93407,0.10501,0,1,soft
75,1.96876,1.16751,0.80125,3.83150,0.10501,0,1,soft
80,1.96876,1.18696,0.78180,3.77290,0.10012,0,1,soft
85,1.96876,1.20565,0.76310,3.65568,0.09035,0,1,soft
90,1.96876,1.22358,0.74517,3.56777,0.09524,0,1,soft
95,1.96876,1.24151,0.72725,3.47985,0.10501,0,1,soft
101,1.96876,1.25906,0.70970,3.39194,0.10012,0,1,soft
106,1.96876,1.27584,0.69291,3.30403,0.09524,0,1,soft
111,1.96876,1.29225,0.67651,3.20147,0.10501,0,1,soft
116,1.96876,1.30827,0.66049,3.12821,0.10012,0,1,soft
121,1.96876,1.32391,0.64485,3.04029,0.10501,0,1,soft
126,1.96876,1.33917,0.62959,2.98169,0.10989,0,1,soft
131,1.96876,1.35405,0.61471,2.87912,0.10501,0,1,soft
136,1.96876,1.36854,0.60021,2.83517,0.10989,0,1,soft
141,1.96876,1.38266,0.58610,2.77656,0.10989,0,1,soft
146,1.96876,1.39639,0.57237,2.67400,0.11966,0,1,soft
151,1.96876,1.41012,0.55863,2.64469,0.11966,0,1,soft
156,1.96876,1.42309,0.54566,2.54213,0.12454,0,1,soft
161,1.96876,1.43568,0.53307,2.49817,0.11966,0,1,soft
166,1.96876,1.44827,0.52049,2.43956,0.11966,0,1,soft
171,1.96876,1.46048,0.50828,2.36630,0.11966,0,1,soft
176,1.96876,1.47230,0.49645,2.30769,0.13431,0,1,soft
181,1.96876,1.48337,0.48539,2.20513,0.12943,0,1,soft
187,1.96876,1.49481,0.47395,2.24908,0.12454,0,1,soft
192,1.96876,1.50587,0.46288,2.10257,0.12454,0,1,soft
197,1.96876,1.51656,0.45220,2.10257,0.13431,0,1,soft
202,1.96876,1.52686,0.44190,1.95605,0.13919,0,1,soft
207,1.96876,1.53677,0.43198,2.01465,0.14408,0,1,soft
212,1.96876,1.54707,0.42168,1.94139,0.13431,0,1,soft
217,1.96876,1.55661,0.41215,1.85348,0.13431,0,1,soft
222,1.96876,1.56615,0.40261,1.85348,0.13919,0,1,soft
227,1.96876,1.57492,0.39384,1.75092,0.14408,0,1,soft
232,1.96876,1.58370,0.38506,1.72161,0.14408,0,1,soft
237,1.96876,1.59247,0.37629,1.72161,0.13919,0,1,soft
242,1.96876,1.60124,0.36751,1.66301,0.13919,0,1,soft
247,1.96876,1.60925,0.35950,1.54579,0.14896,0,1,soft
252,1.96876,1.61765,0.35111,1.61905,0.14408,0,1,soft
257,1.96876,1.62566,0.34310,1.57509,0.13431,0,1,soft
262,1.96876,1.63291,0.33585,1.39927,0.15385,0,1,soft
267,1.96876,1.64015,0.32860,1.48718,0.15385,0,1,soft
272,1.96876,1.64778,0.32097,1.45788,0.14408,0,1,soft
278,1.96876,1.65427,0.31449,1.29671,0.15873,0,1,soft
283,1.96876,1.66114,0.30762,1.28205,0.17338,0,1,soft
288,1.96876,1.66838,0.30037,1.42857,0.13919,0,1,soft
293,1.96876,1.67525,0.29351,1.26740,0.12454,0,1,soft
298,1.96876,1.68097,0.28779,1.13553,0.15873,0,1,soft
303,1.96876,1.68708,0.28168,1.20879,0.17827,0,1,soft
308,1.96876,1.69356,0.27520,1.25275,0.16361,0,1,soft
313,1.96876,1.69928,0.26947,1.09158,0.15385,0,1,soft
318,1.96876,1.70462,0.26413,1.06227,0.17827,0,1,soft
323,1.96876,1.71035,0.25841,1.07693,0.18315,0,1,soft
328,1.96876,1.71607,0.25269,1.15018,0.15385,0,1,soft
333,1.96876,1.72179,0.24697,1.06227,0.13919,0,1,soft
338,1.96876,1.72675,0.24201,1.00366,0.14408,0,1,soft
343,1.96876,1.73171,0.23705,0.94506,0.16850,0,1,soft
348,1.96876,1.73629,0.23247,0.90110,0.18315,0,1,soft
353,1.96876,1.74125,0.22751,0.95971,0.17827,0,1,soft
358,1.96876,1.74582,0.22293,0.93040,0.16850,0,1,soft
364,1.96876,1.75040,0.21836,0.85715,0.16850,0,1,soft
369,1.96876,1.75498,0.21378,0.87180,0.17827,0,1,soft
374,1.96876,1.75879,0.20996,0.76923,0.18315,0,1,soft
379,1.96876,1.76299,0.20577,0.79854,0.19780,0,1,soft
384,1.96876,1.76757,0.20119,0.88645,0.16850,0,1,soft
389,1.96876,1.77214,0.19661,0.88645,0.13919,0,1,soft
394,1.96876,1.77596,0.19280,0.76923,0.13919,0,1,soft
399,1.96876,1.77977,0.18898,0.72528,0.14896,0,1,soft
404,1.96876,1.78283,0.18593,0.60806,0.19292,0,1,soft
409,1.96876,1.78626,0.18250,0.63736,0.21734,0,1,soft
414,1.96876,1.78969,0.17907,0.72528,0.20269,0,1,soft
419,1.96876,1.79389,0.17487,0.78388,0.15873,0,1,soft
424,1.96876,1.79770,0.17105,0.73993,0.13431,0,1,soft
429,1.96876,1.80114,0.16762,0.63736,0.13919,0,1,soft
434,1.96876,1.80381,0.16495,0.56410,0.16361,0,1,soft
439,1.96876,1.80648,0.16228,0.53480,0.19292,0,1,soft
444,1.96876,1.80915,0.15961,0.50550,0.21734,0,1,soft
450,1.96876,1.81182,0.15694,0.52015,0.23199,0,1,soft
455,1.96876,1.81487,0.15389,0.56410,0.21245,0,1,soft
460,1.96876,1.81792,0.15084,0.63736,0.17338,0,1,soft
465,1.96876,1.82136,0.14740,0.60806,0.13919,0,1,soft
470,1.96876,1.82403,0.14473,0.50550,0.14408,0,1,soft
475,1.96876,1.82631,0.14244,0.43224,0.17827,0,1,soft
480,1.96876,1.82860,0.14015,0.43224,0.19292,0,1,soft
485,1.96876,1.83127,0.13748,0.49084,0.19292,0,1,soft
490,1.96876,1.83318,0.13558,0.41758,0.19292,0,1,soft
495,1.96876,1.83509,0.13367,0.35898,0.21734,0,1,soft
500,1.96876,1.83776,0.13100,0.49084,0.20757,0,1,soft
505,1.96876,1.84005,0.12871,0.46154,0.17827,0,1,soft
510,1.96876,1.84310,0.12566,0.53480,0.14896,0,1,soft
515,1.96876,1.84577,0.12299,0.54945,0.11477,0,1,soft
520,1.96876,1.84806,0.12070,0.40293,0.11966,0,1,soft
525,1.96876,1.84958,0.11917,0.32967,0.15873,0,1,soft
530,1.96876,1.85111,0.11765,0.28572,0.19292,0,1,soft
535,1.96876,1.85302,0.11574,0.41758,0.19292,0,1,soft
541,1.96876,1.85493,0.11383,0.31502,0.18804,0,1,soft
546,1.96876,1.85683,0.11193,0.38828,0.18804,0,1,soft
551,1.96876,1.85836,0.11040,0.27106,0.19780,0,1,soft
556,1.96876,1.85988,0.10887,0.34432,0.20757,0,1,soft
561,1.96876,1.86103,0.10773,0.18315,0.23687,0,1,soft
566,1.96876,1.86217,0.10658,0.24176,0.25153,0,1,soft
571,1.96876,1.86408,0.10468,0.40293,0.22222,0,1,soft
576,1.96876,1.86561,0.10315,0.27106,0.20269,0,1,soft
581,1.96876,1.86751,0.10124,0.38828,0.17827,0,1,soft
586,1.96876,1.86904,0.09972,0.24176,0.17827,0,1,soft
591,1.96876,1.87057,0.09819,0.30037,0.17827,0,1,soft
596,1.96876,1.87209,0.09667,0.27106,0.18315,0,1,soft
601,1.96876,1.87324,0.09552,0.21246,0.18804,0,1,soft
606,1.96876,1.87476,0.09400,0.34432,0.17827,0,1,soft
611,1.96876,1.87552,0.09323,0.15385,0.19292,0,1,soft
616,1.96876,1.87629,0.09247,0.10989,0.23199,0,1,soft
621,1.96876,1.87781,0.09094,0.27106,0.22711,0,1,soft
626,1.96876,1.87934,0.08942,0.30037,0.19780,0,1,soft
632,1.96876,1.88048,0.08827,0.18315,0.18315,0,1,soft
637,1.96876,1.88201,0.08675,0.32967,0.16361,0,1,soft
642,1.96876,1.88315,0.08560,0.22711,0.15873,0,1,soft
647,1.96876,1.88392,0.08484,0.10989,0.19780,0,1,soft
652,1.96876,1.88506,0.08370,0.25641,0.19292,0,1,soft
657,1.96876,1.88621,0.08255,0.25641,0.17827,0,1,soft
662,1.96876,1.88697,0.08179,0.09524,0.19780,0,1,soft
667,1.96876,1.88773,0.08103,0.15385,0.21245,0,1,soft
672,1.96876,1.88926,0.07950,0.31502,0.17827,0,1,soft
677,1.96876,1.89040,0.07836,0.18315,0.16361,0,1,soft
682,1.96876,1.89040,0.07836,0.03663,0.19780,0,1,soft
687,1.96876,1.89116,0.07759,0.13920,0.21734,0,1,soft
692,1.96876,1.89269,0.07607,0.28572,0.18315,0,1,soft
697,1.96876,1.89422,0.07454,0.27106,0.14896,0,1,soft
702,1.96876,1.89498,0.07378,0.12454,0.13919,0,1,soft
707,1.96876,1.89651,0.07225,0.25641,0.13431,0,1,soft
712,1.96876,1.89765,0.07111,0.25641,0.11966,0,1,soft
718,1.96876,1.89841,0.07034,0.06594,0.14408,0,1,soft
723,1.96876,1.89879,0.06996,0.12454,0.16850,0,1,soft
728,1.96876,1.90032,0.06844,0.27106,0.14408,0,1,soft
733,1.96876,1.90146,0.06729,0.18315,0.12454,0,1,soft
738,1.96876,1.90146,0.06729,0.00733,0.16361,0,1,soft
743,1.96876,1.90185,0.06691,0.05128,0.20269,0,1,soft
748,1.96876,1.90223,0.06653,0.13920,0.20269,0,1,soft
753,1.96876,1.90375,0.06500,0.22711,0.16850,0,1,soft
758,1.96876,1.90490,0.06386,0.22711,0.13431,0,1,soft
763,1.96876,1.90528,0.06348,0.02198,0.15385,0,1,soft
768,1.96876,1.90528,0.06348,0.00733,0.19780,0,1,soft
773,1.96876,1.90566,0.06310,0.09524,0.21245,0,1,soft
778,1.96876,1.90642,0.06233,0.13920,0.19292,0,1,soft
783,1.96876,1.90757,0.06119,0.21246,0.15873,0,1,soft
788,1.96876,1.90871,0.06004,0.18315,0.13431,0,1,soft
793,1.96876,1.90871,0.06004,0.00733,0.15873,0,1,soft
798,1.96876,1.90871,0.06004,0.00733,0.19292,0,1,soft
803,1.96876,1.90871,0.06004,0.06594,0.21245,0,1,soft
809,1.96876,1.90909,0.05966,0.06594,0.21245,0,1,soft
814,1.96876,1.90948,0.05928,0.05128,0.21245,0,1,soft
819,1.96876,1.90986,0.05890,0.09524,0.20269,0,1,soft
824,1.96876,1.91062,0.05814,0.13920,0.17338,0,1,soft
829,1.96876,1.91138,0.05737,0.10989,0.16850,0,1,soft
834,1.96876,1.91138,0.05737,-0.00733,0.19292,0,1,soft
839,1.96876,1.91138,0.05737,0.00733,0.20757,0,1,soft
844,1.96876,1.91177,0.05699,0.03663,0.22711,0,1,soft
849,1.96876,1.91177,0.05699,0.00733,0.23687,0,1,soft
854,1.96876,1.91177,0.05699,-0.00733,0.24176,0,1,soft
859,1.96876,1.91177,0.05699,0.00733,0.24664,0,1,soft
864,1.96876,1.91177,0.05699,0.00733,0.25153,0,1,soft
869,1.96876,1.91177,0.05699,-0.00733,0.25641,0,1,soft
874,1.96876,1.91177,0.05699,-0.00733,0.25153,0,1,soft
879,1.96876,1.91177,0.05699,-0.00733,0.25641,0,1,soft
884,1.96876,1.91177,0.05699,-0.00733,0.25641,0,1,soft
889,1.96876,1.91177,0.05699,-0.00733,0.25641,0,1,soft
895,1.96876,1.91177,0.05699,-0.00733,0.26130,0,1,soft
900,1.96876,1.91177,0.05699,-0.00733,0.26130,1,1,soft
905,1.96876,1.91177,0.05699,-0.00733,0.26130,1,1,soft
910,1.96876,1.91177,0.05699,-0.00733,0.26618,1,1,soft
915,1.96876,1.91177,0.05699,-0.00733,0.26130,1,1,soft
920,1.96876,1.91177,0.05699,-0.00733,0.26130,1,1,soft
925,1.96876,1.91177,0.05699,-0.00733,0.26130,1,1,soft
930,1.96876,1.91177,0.05699,-0.00733,0.26130,1,1,soft
935,1.96876,1.91177,0.05699,-0.00733,0.26130,1,1,soft
940,1.96876,1.91177,0.05699,-0.00733,0.26130,1,1,soft
945,1.96876,1.91177,0.05699,-0.00733,0.26130,1,1,soft
950,1.96876,1.91177,0.05699,-0.00733,0.26130,1,1,soft
955,1.96876,1.91177,0.05699,-0.00733,0.26618,1,1,soft
960,1.96876,1.91177,0.05699,-0.00733,0.26618,1,1,soft
965,1.96876,1.91177,0.05699,-0.00733,0.26618,1,1,soft
970,1.96876,1.91177,0.05699,-0.00733,0.26618,1,1,soft
975,1.96876,1.91177,0.05699,-0.00733,0.26618,1,1,soft
981,1.96876,1.91177,0.05699,-0.00733,0.26618,1,1,soft
986,1.96876,1.91177,0.05699,-0.00733,0.26618,1,1,soft
991,1.96876,1.91177,0.05699,-0.00733,0.26618,1,1,soft
996,1.96876,1.91177,0.05699,-0.00733,0.26618,1,1,soft
1001,1.96876,1.91177,0.05699,-0.00733,0.27106,1,1,soft
1006,1.96876,1.91177,0.05699,-0.00733,0.26130,1,1,soft
1011,1.96876,1.91177,0.05699,-0.00733,0.26130,1,1,soft
1016,1.96876,1.91177,0.05699,-0.00733,0.26130,1,1,soft
1021,1.96876,1.91177,0.05699,-0.00733,0.26130,1,1,soft
1026,1.96876,1.91177,0.05699,-0.00733,0.26130,1,1,soft
1031,1.96876,1.91177,0.05699,-0.00733,0.26130,1,1,soft
1036,1.96876,1.91177,0.05699,-0.00733,0.26130,1,1,soft
1041,1.96876,1.91177,0.05699,-0.00733,0.26130,1,1,soft
1046,1.96876,1.91177,0.05699,-0.00733,0.26130,1,1,soft
1051,1.96876,1.91177,0.05699,-0.00733,0.26618,1,1,soft
1056,1.96876,1.91177,0.05699,-0.00733,0.26130,1,1,soft
1061,1.96876,1.91177,0.05699,-0.00733,0.26618,1,1,soft
1066,1.96876,1.91177,0.05699,-0.00733,0.26130,1,1,soft
1071,1.96876,1.91177,0.05699,-0.00733,0.26130,1,1,soft
1076,1.96876,1.91177,0.05699,-0.00733,0.26130,1,1,soft
1082,1.96876,1.91177,0.05699,-0.00733,0.26130,1,1,soft
1087,1.96876,1.91177,0.05699,-0.00733,0.26618,1,1,soft
1092,1.96876,1.91177,0.05699,-0.00733,0.26618,1,1,soft
1097,1.96876,1.91177,0.05699,-0.00733,0.26130,1,1,soft
1102,1.96876,1.91177,0.05699,-0.00733,0.26130,1,1,soft
1107,1.96876,1.91177,0.05699,-0.00733,0.26618,1,1,soft
1112,1.96876,1.91177,0.05699,-0.00733,0.26618,1,1,soft
1117,1.96876,1.91177,0.05699,-0.00733,0.26130,1,1,soft
1122,1.96876,1.91177,0.05699,-0.00733,0.26130,1,1,soft
1127,1.96876,1.91177,0.05699,-0.00733,0.26618,1,1,soft
1132,1.96876,1.91177,0.05699,-0.00733,0.26130,1,1,soft
1137,1.96876,1.91177,0.05699,-0.00733,0.26618,1,1,soft
1142,1.96876,1.91177,0.05699,-0.00733,0.26130,1,1,soft
1147,1.96876,1.91177,0.05699,-0.00733,0.26130,1,1,soft
1152,1.96876,1.91177,0.05699,-0.00733,0.26618,1,1,soft
1157,1.96876,1.91177,0.05699,-0.00733,0.26130,1,1,soft
1162,1.96876,1.91177,0.05699,-0.00733,0.26130,1,1,soft
1167,1.96876,1.91177,0.05699,-0.00733,0.26618,1,1,soft
1173,1.96876,1.91177,0.05699,-0.00733,0.25641,1,1,soft
1178,1.96876,1.91177,0.05699,-0.00733,0.26130,1,1,soft
1183,1.96876,1.91177,0.05699,-0.00733,0.26130,1,1,soft
1188,1.96876,1.91177,0.05699,-0.00733,0.26618,1,1,soft
1193,1.96876,1.91177,0.05699,-0.00733,0.26130,1,1,soft
1198,1.96876,1.91177,0.05699,-0.00733,0.26130,1,1,soft
1203,1.96876,1.91177,0.05699,-0.00733,0.26130,1,1,soft
1208,1.96876,1.91177,0.05699,-0.00733,0.26618,1,1,soft
1213,1.96876,1.91177,0.05699,-0.00733,0.26130,1,1,soft
1218,1.96876,1.91177,0.05699,-0.00733,0.26618,1,1,soft
1223,1.96876,1.91177,0.05699,-0.00733,0.26618,1,1,soft
1228,1.96876,1.91177,0.05699,-0.00733,0.26618,1,1,soft
1233,1.96876,1.91177,0.05699,-0.00733,0.26130,1,1,soft
1238,1.96876,1.91177,0.05699,-0.00733,0.26618,1,1,soft
1243,1.96876,1.91177,0.05699,-0.00733,0.26618,1,1,soft
1248,1.96876,1.91177,0.05699,-0.00733,0.26618,1,1,soft
1253,1.96876,1.91177,0.05699,-0.00733,0.26130,1,1,soft
1258,1.96876,1.91177,0.05699,-0.00733,0.26130,1,1,soft
1263,1.96876,1.91177,0.05699,-0.00733,0.26618,1,1,soft
1269,1.96876,1.91177,0.05699,-0.00733,0.26618,1,1,soft
1274,1.96876,1.91177,0.05699,-0.00733,0.26618,1,1,soft
1279,1.96876,1.91177,0.05699,-0.00733,0.26130,1,1,soft
1284,1.96876,1.91177,0.05699,-0.00733,0.26130,1,1,soft
1289,1.96876,1.91177,0.05699,-0.00733,0.26130,1,1,soft
1294,1.96876,1.91177,0.05699,-0.00733,0.26618,1,1,soft
1299,1.96876,1.91177,0.05699,-0.00733,0.26130,1,1,soft
1304,1.96876,1.91177,0.05699,-0.00733,0.26130,1,1,soft
1309,1.96876,1.91177,0.05699,-0.00733,0.26130,1,1,soft
1314,1.96876,1.91177,0.05699,-0.00733,0.25641,1,1,soft
1319,1.96876,1.91177,0.05699,-0.00733,0.26130,1,1,soft
1324,1.96876,1.91177,0.05699,-0.00733,0.26130,1,1,soft
1329,1.96876,1.91177,0.05699,-0.00733,0.26618,1,1,soft
1334,1.96876,1.91177,0.05699,-0.00733,0.26618,1,1,soft
1339,1.96876,1.91177,0.05699,-0.00733,0.26130,1,1,soft
1344,1.96876,1.91177,0.05699,-0.00733,0.26618,1,1,soft
1349,1.96876,1.91177,0.05699,-0.00733,0.26618,1,1,soft
1354,1.96876,1.91177,0.05699,-0.00733,0.26130,1,1,soft
1359,1.96876,1.91177,0.05699,-0.00733,0.26618,1,1,soft
1365,1.96876,1.91177,0.05699,-0.00733,0.26618,1,1,soft
1370,1.96876,1.91177,0.05699,-0.00733,0.26130,1,1,soft
1375,1.96876,1.91177,0.05699,-0.00733,0.26130,1,1,soft
1380,1.96876,1.91177,0.05699,-0.00733,0.26130,1,1,soft
1385,1.96876,1.91177,0.05699,-0.00733,0.26130,1,1,soft
1390,1.96876,1.91177,0.05699,-0.00733,0.26618,1,1,soft
1395,1.96876,1.91177,0.05699,-0.00733,0.26130,1,1,soft
1400,1.96876,1.91177,0.05699,-0.00733,0.26130,1,1,soft
1405,1.96876,1.91177,0.05699,-0.00733,0.26130,1,1,soft
1410,1.96876,1.91177,0.05699,-0.00733,0.26130,1,1,soft
1415,1.96876,1.91177,0.05699,-0.00733,0.26618,1,1,soft
1420,1.96876,1.91177,0.05699,-0.00733,0.26618,1,1,soft
1425,1.96876,1.91177,0.05699,-0.00733,0.26130,1,1,soft
1430,1.96876,1.91177,0.05699,-0.00733,0.26130,1,1,soft
1435,1.96876,1.91177,0.05699,-0.00733,0.26618,1,1,soft
1440,1.96876,1.91177,0.05699,-0.00733,0.26130,1,1,soft
1445,1.96876,1.91177,0.05699,-0.00733,0.26130,1,1,soft
1450,1.96876,1.91177,0.05699,-0.00733,0.26130,1,1,soft
1456,1.96876,1.91177,0.05699,-0.00733,0.26130,1,1,soft
1461,1.96876,1.91177,0.05699,-0.00733,0.26130,1,1,soft
1466,1.96876,1.91177,0.05699,-0.00733,0.26130,1,1,soft
1471,1.96876,1.91177,0.05699,-0.00733,0.26618,1,1,soft
1476,1.96876,1.91177,0.05699,-0.00733,0.26618,1,1,soft
1481,1.96876,1.91177,0.05699,-0.00733,0.26618,1,1,soft
1486,1.96876,1.91177,0.05699,-0.00733,0.26618,1,1,soft
1491,1.96876,1.91177,0.05699,-0.00733,0.26130,1,1,soft
1496,1.96876,1.91177,0.05699,-0.00733,0.26130,1,1,soft
1501,1.96876,1.91177,0.05699,-0.00733,0.26130,1,1,soft
1506,1.96876,1.91177,0.05699,-0.00733,0.26130,1,1,soft
1511,1.96876,1.91177,0.05699,-0.00733,0.26618,1,1,soft
1516,1.96876,1.91177,0.05699,-0.00733,0.26618,1,1,soft
1521,1.96876,1.91177,0.05699,-0.00733,0.26130,1,1,soft
1526,1.96876,1.91177,0.05699,-0.00733,0.26130,1,1,soft
1531,1.96876,1.91177,0.05699,-0.00733,0.26618,1,1,soft
1536,1.96876,1.91177,0.05699,-0.00733,0.26130,1,1,soft
1541,1.96876,1.91177,0.05699,-0.00733,0.26618,1,1,soft
1546,1.96876,1.91177,0.05699,-0.00733,0.26618,1,1,soft
1552,1.96876,1.91177,0.05699,-0.00733,0.26618,1,1,soft
1557,1.96876,1.91177,0.05699,-0.00733,0.26618,1,1,soft
1562,1.96876,1.91177,0.05699,-0.00733,0.26130,1,1,soft
1567,1.96876,1.91177,0.05699,-0.00733,0.26618,1,1,soft
1572,1.96876,1.91177,0.05699,-0.00733,0.26618,1,1,soft
1577,1.96876,1.91177,0.05699,-0.00733,0.26618,1,1,soft
1582,1.96876,1.91177,0.05699,-0.00733,0.26618,1,1,soft
1587,1.96876,1.91177,0.05699,-0.00733,0.26618,1,1,soft
1592,1.96876,1.91177,0.05699,-0.00733,0.26130,1,1,soft
1597,1.96876,1.91177,0.05699,-0.00733,0.26130,1,1,soft
1602,1.96876,1.91177,0.05699,-0.00733,0.26130,1,1,soft
1607,1.96876,1.91177,0.05699,-0.00733,0.26130,1,1,soft
1612,1.96876,1.91177,0.05699,-0.00733,0.26618,1,1,soft
1617,1.96876,1.91177,0.05699,-0.00733,0.26618,1,1,soft
1622,1.96876,1.91177,0.05699,-0.00733,0.26618,1,1,soft
1627,1.96876,1.91177,0.05699,-0.00733,0.26130,1,1,soft
1632,1.96876,1.91177,0.05699,-0.00733,0.26130,1,1,soft
1637,1.96876,1.91177,0.05699,-0.00733,0.26130,1,1,soft
1643,1.96876,1.91177,0.05699,-0.00733,0.25641,1,1,soft
1648,1.96876,1.91177,0.05699,-0.00733,0.26130,1,1,soft
1653,1.96876,1.91177,0.05699,-0.00733,0.26130,1,1,soft
1658,1.96876,1.91177,0.05699,-0.00733,0.26130,1,1,soft
1663,1.96876,1.91177,0.05699,-0.00733,0.26618,1,1,soft
1668,1.96876,1.91177,0.05699,-0.00733,0.26618,1,1,soft
1673,1.96876,1.91177,0.05699,-0.00733,0.26130,1,1,soft
1678,1.96876,1.91177,0.05699,-0.00733,0.26130,1,1,soft
1683,1.96876,1.91177,0.05699,-0.00733,0.26130,1,1,soft
1688,1.96876,1.91177,0.05699,-0.00733,0.26130,1,1,soft
1693,1.96876,1.91177,0.05699,-0.00733,0.26618,1,1,soft
1698,1.96876,1.91177,0.05699,-0.00733,0.26618,1,1,soft
1703,1.96876,1.91177,0.05699,-0.00733,0.26618,1,1,soft
1708,1.96876,1.91177,0.05699,-0.00733,0.26130,1,1,soft
1713,1.96876,1.91177,0.05699,-0.00733,0.26130,1,1,soft
1718,1.96876,1.91177,0.05699,-0.00733,0.26618,1,1,soft
1723,1.96876,1.91177,0.05699,-0.00733,0.26130,1,1,soft
1728,1.96876,1.91177,0.05699,-0.00733,0.26618,1,1,soft
1734,1.96876,1.91177,0.05699,-0.00733,0.26618,1,1,soft
1739,1.96876,1.91177,0.05699,-0.00733,0.27106,1,1,soft
1744,1.96876,1.91177,0.05699,-0.00733,0.26618,1,1,soft
1749,1.96876,1.91177,0.05699,-0.00733,0.26618,1,1,soft
1754,1.96876,1.91177,0.05699,-0.00733,0.26130,1,1,soft
1759,1.96876,1.91177,0.05699,-0.00733,0.26130,1,1,soft
1764,1.96876,1.91177,0.05699,-0.00733,0.26130,1,1,soft
1769,1.96876,1.91177,0.05699,-0.00733,0.26618,1,1,soft
1774,1.96876,1.91177,0.05699,-0.00733,0.26618,1,1,soft
1779,1.96876,1.91177,0.05699,-0.00733,0.26618,1,1,soft
1784,1.96876,1.91177,0.05699,-0.00733,0.26130,1,1,soft
1789,1.96876,1.91177,0.05699,-0.00733,0.26130,1,1,soft
1794,1.96876,1.91177,0.05699,-0.00733,0.26130,1,1,soft
1799,1.96876,1.91177,0.05699,-0.00733,0.26618,1,1,soft
1804,1.96876,1.91177,0.05699,-0.00733,0.26130,1,1,soft
1809,1.96876,1.91177,0.05699,-0.00733,0.26130,1,1,soft
1814,1.96876,1.91177,0.05699,-0.00733,0.26618,1,1,soft
1820,1.96876,1.91177,0.05699,-0.00733,0.26130,1,1,soft
1825,1.96876,1.91177,0.05699,-0.00733,0.25641,1,1,soft
1830,1.96876,1.91177,0.05699,-0.00733,0.26130,1,1,soft
1835,1.96876,1.91177,0.05699,-0.00733,0.26618,1,1,soft
1840,1.96876,1.91177,0.05699,-0.00733,0.26130,1,1,soft
1845,1.96876,1.91177,0.05699,-0.00733,0.26130,1,1,soft
1850,1.96876,1.91177,0.05699,-0.00733,0.26618,1,1,soft
1855,1.96876,1.91177,0.05699,-0.00733,0.26130,1,1,soft
1860,1.96876,1.91177,0.05699,-0.00733,0.26618,1,1,soft
1865,1.96876,1.91177,0.05699,-0.00733,0.26130,1,1,soft
1870,1.96876,1.91177,0.05699,-0.00733,0.26130,1,1,soft
1875,1.96876,1.91177,0.05699,-0.00733,0.26130,1,1,soft
1880,1.96876,1.91177,0.05699,-0.00733,0.26130,1,1,soft
1885,1.96876,1.91177,0.05699,-0.00733,0.26618,1,1,soft
1890,1.96876,1.91177,0.05699,-0.00733,0.26618,1,1,soft
1895,1.96876,1.91177,0.05699,-0.00733,0.26618,1,1,soft
1900,1.96876,1.91177,0.05699,-0.00733,0.26618,1,1,soft
1906,1.96876,1.91177,0.05699,-0.00733,0.26130,1,1,soft
1911,1.96876,1.91177,0.05699,-0.00733,0.26130,1,1,soft
1916,1.96876,1.91177,0.05699,-0.00733,0.26618,1,1,soft
1921,1.96876,1.91177,0.05699,-0.00733,0.26618,1,1,soft
1926,1.96876,1.91177,0.05699,-0.00733,0.26130,1,1,soft
1931,1.96876,1.91177,0.05699,-0.00733,0.26130,1,1,soft
1936,1.96876,1.91177,0.05699,-0.00733,0.26618,1,1,soft
1941,1.96876,1.91177,0.05699,-0.00733,0.26130,1,1,soft
1946,1.96876,1.91177,0.05699,-0.00733,0.26618,1,1,soft
1951,1.96876,1.91177,0.05699,-0.00733,0.26618,1,1,soft
1956,1.96876,1.91177,0.05699,-0.00733,0.26130,1,1,soft
1961,1.96876,1.91177,0.05699,-0.00733,0.26130,1,1,soft
1966,1.96876,1.91177,0.05699,-0.00733,0.26618,1,1,soft
1971,1.96876,1.91177,0.05699,-0.00733,0.26618,1,1,soft
1976,1.96876,1.91177,0.05699,-0.00733,0.26130,1,1,soft
1981,1.96876,1.91177,0.05699,-0.00733,0.26618,1,1,soft
1986,1.96876,1.91177,0.05699,-0.00733,0.26618,1,1,soft
1992,1.96876,1.91177,0.05699,-0.00733,0.26130,1,1,soft
1997,1.96876,1.91177,0.05699,-0.00733,0.26130,1,1,soft
2002,1.96876,1.91177,0.05699,-0.00733,0.26618,1,1,soft
2007,1.96876,1.91177,0.05699,-0.00733,0.26130,1,1,soft
2012,1.96876,1.91177,0.05699,-0.00733,0.26618,1,1,soft
2017,1.96876,1.91177,0.05699,-0.00733,0.26618,1,1,soft
2022,1.96876,1.91177,0.05699,-0.00733,0.26130,1,1,soft
2027,1.96876,1.91177,0.05699,-0.00733,0.26130,1,1,soft
2032,1.96876,1.91177,0.05699,-0.00733,0.26130,1,1,soft
2037,1.96876,1.91177,0.05699,-0.00733,0.26130,1,1,soft
2042,1.96876,1.91177,0.05699,-0.00733,0.26618,1,1,soft
2047,1.96876,1.91177,0.05699,-0.00733,0.26130,1,1,soft
2052,1.96876,1.91177,0.05699,-0.00733,0.26130,1,1,soft
2057,1.96876,1.91177,0.05699,-0.00733,0.26618,1,1,soft
2062,1.96876,1.91177,0.05699,-0.00733,0.26618,1,1,soft
2067,1.96876,1.91177,0.05699,-0.00733,0.26130,1,1,soft
2072,1.96876,1.91177,0.05699,-0.00733,0.26618,1,1,soft
2077,1.96876,1.91177,0.05699,-0.00733,0.26130,1,1,soft
2083,1.96876,1.91177,0.05699,-0.00733,0.26130,1,1,soft
2088,1.96876,1.91177,0.05699,-0.00733,0.26618,1,1,soft
2093,1.96876,1.91177,0.05699,-0.00733,0.26618,1,1,soft
2098,1.96876,1.91177,0.05699,-0.00733,0.26618,1,1,soft
2103,1.96876,1.91177,0.05699,-0.00733,0.26130,1,1,soft
2108,1.96876,1.91177,0.05699,-0.00733,0.26130,1,1,soft
2113,1.96876,1.91177,0.05699,-0.00733,0.26130,1,1,soft
2118,1.96876,1.91177,0.05699,-0.00733,0.26618,1,1,soft
2123,1.96876,1.91177,0.05699,-0.00733,0.26618,1,1,soft
2128,1.96876,1.91177,0.05699,-0.00733,0.26130,1,1,soft
2133,1.96876,1.91177,0.05699,-0.00733,0.26130,1,1,soft
2138,1.96876,1.91177,0.05699,-0.00733,0.26618,1,1,soft
2143,1.96876,1.91177,0.05699,-0.00733,0.26130,1,1,soft
2148,1.96876,1.91177,0.05699,-0.00733,0.26130,1,1,soft
2153,1.96876,1.91177,0.05699,-0.00733,0.26130,1,1,soft
2158,1.96876,1.91177,0.05699,-0.00733,0.26618,1,1,soft
2163,1.96876,1.91177,0.05699,-0.00733,0.26618,1,1,soft
2169,1.96876,1.91177,0.05699,-0.00733,0.26618,1,1,soft
2174,1.96876,1.91177,0.05699,-0.00733,0.26618,1,1,soft
2179,1.96876,1.91215,0.05661,-0.00733,0.26618,1,1,soft
2184,1.96876,1.91215,0.05661,-0.00733,0.26618,1,1,soft
2189,1.96876,1.91215,0.05661,-0.00733,0.26618,1,1,soft
2194,1.96876,1.91215,0.05661,-0.00733,0.26618,1,1,soft
2199,1.96876,1.91215,0.05661,-0.00733,0.26618,1,1,soft
2204,1.96876,1.91215,0.05661,-0.00733,0.26130,1,1,soft
2209,1.96876,1.91215,0.05661,-0.00733,0.26618,1,1,soft
2214,1.96876,1.91215,0.05661,-0.00733,0.26130,1,1,soft
2219,1.96876,1.91215,0.05661,-0.00733,0.26130,1,1,soft
2224,1.96876,1.91215,0.05661,-0.00733,0.26618,1,1,soft
2229,1.96876,1.91215,0.05661,-0.00733,0.26618,1,1,soft
2234,1.96876,1.91215,0.05661,-0.00733,0.26130,1,1,soft
2239,1.96876,1.91215,0.05661,-0.00733,0.26130,1,1,soft
2244,1.96876,1.91215,0.05661,-0.00733,0.26618,1,1,soft
2249,1.96876,1.91215,0.05661,-0.00733,0.26130,1,1,soft
2254,1.96876,1.91215,0.05661,-0.00733,0.26130,1,1,soft
2260,1.96876,1.91215,0.05661,-0.00733,0.26130,1,1,soft
2265,1.96876,1.91215,0.05661,-0.00733,0.26618,1,1,soft
2270,1.96876,1.91215,0.05661,-0.00733,0.26130,1,1,soft
2275,1.96876,1.91215,0.05661,-0.00733,0.26618,1,1,soft
2280,1.96876,1.91215,0.05661,-0.00733,0.26130,1,1,soft
2285,1.96876,1.91215,0.05661,-0.00733,0.26130,1,1,soft
2290,1.96876,1.91215,0.05661,-0.00733,0.26618,1,1,soft
2295,1.96876,1.91215,0.05661,-0.00733,0.26618,1,1,soft
2300,1.96876,1.91215,0.05661,-0.00733,0.26618,1,1,soft
2305,1.96876,1.91215,0.05661,-0.00733,0.26618,1,1,soft
2310,1.96876,1.91215,0.05661,-0.00733,0.26618,1,1,soft
2315,1.96876,1.91215,0.05661,-0.00733,0.26618,1,1,soft
2320,1.96876,1.91215,0.05661,-0.00733,0.26618,1,1,soft
2325,1.96876,1.91215,0.05661,-0.00733,0.26618,1,1,soft
2330,1.96876,1.91215,0.05661,-0.00733,0.26618,1,1,soft
2335,1.96876,1.91215,0.05661,-0.00733,0.26130,1,1,soft
2340,1.96876,1.91215,0.05661,-0.00733,0.26130,1,1,soft
2346,1.96876,1.91215,0.05661,-0.00733,0.26130,1,1,soft
2351,1.96876,1.91215,0.05661,-0.00733,0.26130,1,1,soft
2356,1.96876,1.91215,0.05661,-0.00733,0.26618,1,1,soft
2361,1.96876,1.91215,0.05661,-0.00733,0.26618,1,1,soft
2366,1.96876,1.91215,0.05661,-0.00733,0.26130,1,1,soft
2371,1.96876,1.91215,0.05661,-0.00733,0.26130,1,1,soft
2376,1.96876,1.91215,0.05661,-0.00733,0.26618,1,1,soft
2381,1.96876,1.91215,0.05661,-0.00733,0.26130,1,1,soft
2386,1.96876,1.91215,0.05661,-0.00733,0.26618,1,1,soft
2391,1.96876,1.91215,0.05661,-0.00733,0.26618,1,1,soft
2396,1.96876,1.91215,0.05661,-0.00733,0.26130,1,1,soft
2401,1.96876,1.91215,0.05661,-0.00733,0.26618,1,1,soft
2406,1.96876,1.91215,0.05661,-0.00733,0.26130,1,1,soft
2411,1.96876,1.91215,0.05661,-0.00733,0.26130,1,1,soft
2416,1.96876,1.91215,0.05661,-0.00733,0.26618,1,1,soft
2421,1.96876,1.91215,0.05661,-0.00733,0.26618,1,1,soft
2426,1.96876,1.91215,0.05661,-0.00733,0.26130,1,1,soft
2431,1.96876,1.91215,0.05661,-0.00733,0.26618,1,1,soft
2437,1.96876,1.91215,0.05661,-0.00733,0.26618,1,1,soft
2442,1.96876,1.91215,0.05661,-0.00733,0.26618,1,1,soft
2447,1.96876,1.91215,0.05661,-0.00733,0.26618,1,1,soft
2452,1.96876,1.91215,0.05661,-0.00733,0.26618,1,1,soft
2457,1.96876,1.91215,0.05661,-0.00733,0.26618,1,1,soft
2462,1.96876,1.91215,0.05661,-0.00733,0.26618,1,1,soft
2467,1.96876,1.91215,0.05661,-0.00733,0.26130,1,1,soft
2472,1.96876,1.91215,0.05661,-0.00733,0.26130,1,1,soft
2477,1.96876,1.91215,0.05661,-0.00733,0.26618,1,1,soft
2482,1.96876,1.91215,0.05661,-0.00733,0.26618,1,1,soft
2487,1.96876,1.91215,0.05661,-0.00733,0.26618,1,1,soft
2492,1.96876,1.91215,0.05661,-0.00733,0.26618,1,1,soft
2497,1.96876,1.91215,0.05661,-0.00733,0.26618,1,1,soft
2502,1.96876,1.91215,0.05661,-0.00733,0.26618,1,1,soft
2507,1.96876,1.91215,0.05661,-0.00733,0.26618,1,1,soft
2512,1.96876,1.91215,0.05661,-0.00733,0.26130,1,1,soft
2517,1.96876,1.91215,0.05661,-0.00733,0.26618,1,1,soft
2523,1.96876,1.91215,0.05661,-0.00733,0.26618,1,1,soft
2528,1.96876,1.91215,0.05661,-0.00733,0.26618,1,1,soft
2533,1.96876,1.91215,0.05661,-0.00733,0.26618,1,1,soft
2538,1.96876,1.91215,0.05661,-0.00733,0.26130,1,1,soft
2543,1.96876,1.91215,0.05661,-0.00733,0.26130,1,1,soft
2548,1.96876,1.91215,0.05661,-0.00733,0.26618,1,1,soft
2553,1.96876,1.91215,0.05661,-0.00733,0.26618,1,1,soft
2558,1.96876,1.91215,0.05661,-0.00733,0.26130,1,1,soft
2563,1.96876,1.91215,0.05661,-0.00733,0.26130,1,1,soft
2568,1.96876,1.91215,0.05661,-0.00733,0.26130,1,1,soft
2573,1.96876,1.91215,0.05661,-0.00733,0.26130,1,1,soft
2578,1.96876,1.91215,0.05661,-0.00733,0.26618,1,1,soft
2583,1.96876,1.91215,0.05661,-0.00733,0.26618,1,1,soft
2588,1.96876,1.91215,0.05661,-0.00733,0.26618,1,1,soft
2593,1.96876,1.91215,0.05661,-0.00733,0.26130,1,1,soft
2598,1.96876,1.91215,0.05661,-0.00733,0.26130,1,1,soft
2603,1.96876,1.91215,0.05661,-0.00733,0.26130,1,1,soft
2609,1.96876,1.91215,0.05661,-0.00733,0.26130,1,1,soft
2614,1.96876,1.91215,0.05661,-0.00733,0.26130,1,1,soft
2619,1.96876,1.91215,0.05661,-0.00733,0.26130,1,1,soft
2624,1.96876,1.91215,0.05661,-0.00733,0.26130,1,1,soft
2629,1.96876,1.91215,0.05661,-0.00733,0.26618,1,1,soft
2634,1.96876,1.91215,0.05661,-0.00733,0.26618,1,1,soft
2639,1.96876,1.91215,0.05661,-0.00733,0.26618,1,1,soft
2644,1.96876,1.91215,0.05661,-0.00733,0.26618,1,1,soft
2649,1.96876,1.91215,0.05661,-0.00733,0.26618,1,1,soft
2654,1.96876,1.91215,0.05661,-0.00733,0.26618,1,1,soft
2659,1.96876,1.91215,0.05661,-0.00733,0.26130,1,1,soft
2664,1.96876,1.91215,0.05661,-0.00733,0.26130,1,1,soft
2669,1.96876,1.91215,0.05661,-0.00733,0.26130,1,1,soft
2674,1.96876,1.91215,0.05661,-0.00733,0.26618,1,1,soft
2679,1.96876,1.91215,0.05661,-0.00733,0.26618,1,1,soft
2684,1.96876,1.91215,0.05661,-0.00733,0.26130,1,1,soft
2689,1.96876,1.91215,0.05661,-0.00733,0.26130,1,1,soft
2694,1.96876,1.91215,0.05661,-0.00733,0.26130,1,1,soft
2700,1.96876,1.91215,0.05661,-0.00733,0.26130,1,1,soft
2705,1.96876,1.91215,0.05661,-0.00733,0.26130,1,1,soft
2710,1.96876,1.91215,0.05661,-0.00733,0.26130,1,1,soft
2715,1.96876,1.91215,0.05661,-0.00733,0.26618,1,1,soft
2720,1.96876,1.91215,0.05661,-0.00733,0.26130,1,1,soft
2725,1.96876,1.91215,0.05661,-0.00733,0.26130,1,1,soft
2730,1.96876,1.91215,0.05661,-0.00733,0.26130,1,1,soft
2735,1.96876,1.91215,0.05661,-0.00733,0.26130,1,1,soft
2740,1.96876,1.91215,0.05661,-0.00733,0.26618,1,1,soft
2745,1.96876,1.91215,0.05661,-0.00733,0.26618,1,1,soft
2750,1.96876,1.91215,0.05661,-0.00733,0.26130,1,1,soft
2755,1.96876,1.91215,0.05661,-0.00733,0.25641,1,1,soft
2760,1.96876,1.91215,0.05661,-0.00733,0.25641,1,1,soft
2765,1.96876,1.91215,0.05661,-0.00733,0.26130,1,1,soft
2770,1.96876,1.91215,0.05661,-0.00733,0.26130,1,1,soft
2775,1.96876,1.91215,0.05661,-0.00733,0.26130,1,1,soft
2780,1.96876,1.91215,0.05661,-0.00733,0.26130,1,1,soft
2785,1.96876,1.91215,0.05661,-0.00733,0.26130,1,1,soft
2791,1.96876,1.91215,0.05661,-0.00733,0.26130,1,1,soft
2796,1.96876,1.91215,0.05661,-0.00733,0.26130,1,1,soft
2801,1.96876,1.91215,0.05661,-0.00733,0.26618,1,1,soft
2806,1.96876,1.91215,0.05661,-0.00733,0.26130,1,1,soft
2811,1.96876,1.91215,0.05661,-0.00733,0.26130,1,1,soft
2816,1.96876,1.91215,0.05661,-0.00733,0.26130,1,1,soft
2821,1.96876,1.91215,0.05661,-0.00733,0.26130,1,1,soft
2826,1.96876,1.91215,0.05661,-0.00733,0.26130,1,1,soft
2831,1.96876,1.91215,0.05661,-0.00733,0.26130,1,1,soft
2836,1.96876,1.91215,0.05661,-0.00733,0.26130,1,1,soft
2841,1.96876,1.91215,0.05661,-0.00733,0.26130,1,1,soft
2846,1.96876,1.91215,0.05661,-0.00733,0.26618,1,1,soft
2851,1.96876,1.91215,0.05661,-0.00733,0.26618,1,1,soft
2856,1.96876,1.91215,0.05661,-0.00733,0.26130,1,1,soft
2861,1.96876,1.91215,0.05661,-0.00733,0.27106,1,1,soft
2866,1.96876,1.91215,0.05661,-0.00733,0.26618,1,1,soft
2871,1.96876,1.91215,0.05661,-0.00733,0.26130,1,1,soft
2876,1.96876,1.91215,0.05661,-0.00733,0.26130,1,1,soft
2882,1.96876,1.91215,0.05661,-0.00733,0.26130,1,1,soft
2887,1.96876,1.91215,0.05661,-0.00733,0.26130,1,1,soft
2892,1.96876,1.91215,0.05661,-0.00733,0.26130,1,1,soft
2897,1.96876,1.91215,0.05661,-0.00733,0.26130,1,1,soft
2902,1.96876,1.91215,0.05661,-0.00733,0.26130,1,1,soft
2907,1.96876,1.91215,0.05661,-0.00733,0.26130,1,1,soft
2912,1.96876,1.91215,0.05661,-0.00733,0.26130,1,1,soft
2917,1.96876,1.91215,0.05661,-0.00733,0.26130,1,1,soft
2922,1.96876,1.91215,0.05661,-0.00733,0.26130,1,1,soft
2927,1.96876,1.91215,0.05661,-0.00733,0.26130,1,1,soft
2932,1.96876,1.91215,0.05661,-0.00733,0.26130,1,1,soft
2937,1.96876,1.91215,0.05661,-0.00733,0.26130,1,1,soft
2942,1.96876,1.91215,0.05661,-0.00733,0.26130,1,1,soft
2947,1.96876,1.91215,0.05661,-0.00733,0.26130,1,1,soft
2952,1.96876,1.91215,0.05661,-0.00733,0.26130,1,1,soft
2957,1.96876,1.91215,0.05661,-0.00733,0.26130,1,1,soft
2962,1.96876,1.91215,0.05661,-0.00733,0.26130,1,1,soft
2968,1.96876,1.91215,0.05661,-0.00733,0.26130,1,1,soft
2973,1.96876,1.91215,0.05661,-0.00733,0.26618,1,1,soft
2978,1.96876,1.91215,0.05661,-0.00733,0.26618,1,1,soft
2983,1.96876,1.91215,0.05661,-0.00733,0.26130,1,1,soft
2988,1.96876,1.91215,0.05661,-0.00733,0.26130,1,1,soft
2993,1.96876,1.91215,0.05661,-0.00733,0.26618,1,1,soft
2998,1.96876,1.91215,0.05661,-0.00733,0.26130,1,1,soft
3003,1.96876,1.91215,0.05661,-0.00733,0.26618,1,1,soft
3008,1.96876,1.91215,0.05661,-0.00733,0.26618,1,1,soft
3013,1.96876,1.91215,0.05661,-0.00733,0.26618,1,1,soft
3018,1.96876,1.91215,0.05661,-0.00733,0.26618,1,1,soft
3023,1.96876,1.91215,0.05661,-0.00733,0.26618,1,1,soft
3028,1.96876,1.91215,0.05661,-0.00733,0.26130,1,1,soft
3033,1.96876,1.91215,0.05661,-0.00733,0.26618,1,1,soft
3038,1.96876,1.91215,0.05661,-0.00733,0.26130,1,1,soft
3043,1.96876,1.91215,0.05661,-0.00733,0.26618,1,1,soft
3048,1.96876,1.91215,0.05661,-0.00733,0.26130,1,1,soft
3053,1.96876,1.91215,0.05661,-0.00733,0.26130,1,1,soft
3059,1.96876,1.91215,0.05661,-0.00733,0.26130,1,1,soft
3064,1.96876,1.91215,0.05661,-0.00733,0.26130,1,1,soft
3069,1.96876,1.91215,0.05661,-0.00733,0.26130,1,1,soft
3074,1.96876,1.91215,0.05661,-0.00733,0.26130,1,1,soft
3079,1.96876,1.91215,0.05661,-0.00733,0.26130,1,1,soft
3084,1.96876,1.91215,0.05661,-0.00733,0.26618,1,1,soft
3089,1.96876,1.91215,0.05661,-0.00733,0.26130,1,1,soft
3094,1.96876,1.91215,0.05661,-0.00733,0.26618,1,1,soft
3099,1.96876,1.91215,0.05661,-0.00733,0.26618,1,1,soft
3104,1.96876,1.91215,0.05661,-0.00733,0.26130,1,1,soft
3109,1.96876,1.91215,0.05661,-0.00733,0.26130,1,1,soft
3114,1.96876,1.91215,0.05661,-0.00733,0.26130,1,1,soft
3119,1.96876,1.91215,0.05661,-0.00733,0.26618,1,1,soft
3124,1.96876,1.91215,0.05661,-0.00733,0.26618,1,1,soft
3129,1.96876,1.91215,0.05661,-0.00733,0.26618,1,1,soft
3134,1.96876,1.91215,0.05661,-0.00733,0.26130,1,1,soft
3139,1.96876,1.91215,0.05661,-0.00733,0.26130,1,1,soft
3144,1.96876,1.91215,0.05661,-0.00733,0.26130,1,1,soft
3150,1.96876,1.91215,0.05661,-0.00733,0.26618,1,1,soft
3155,1.96876,1.91215,0.05661,-0.00733,0.26618,1,1,soft
3160,1.96876,1.91215,0.05661,-0.00733,0.26130,1,1,soft
3165,1.96876,1.91215,0.05661,-0.00733,0.26130,1,1,soft
3170,1.96876,1.91215,0.05661,-0.00733,0.26130,1,1,soft
3175,1.96876,1.91215,0.05661,-0.00733,0.26618,1,1,soft
3180,1.96876,1.91215,0.05661,-0.00733,0.26618,1,1,soft
3185,1.96876,1.91215,0.05661,-0.00733,0.26130,1,1,soft
3190,1.96876,1.91215,0.05661,-0.00733,0.26130,1,1,soft
3195,1.96876,1.91215,0.05661,-0.00733,0.26130,1,1,soft
3200,1.96876,1.91215,0.05661,-0.00733,0.26618,1,1,soft
3205,1.96876,1.91215,0.05661,-0.00733,0.26130,1,1,soft
3210,1.96876,1.91215,0.05661,-0.00733,0.26130,1,1,soft
3215,1.96876,1.91215,0.05661,-0.00733,0.26130,1,1,soft
3220,1.96876,1.91215,0.05661,-0.00733,0.26618,1,1,soft
3225,1.96876,1.91215,0.05661,-0.00733,0.26618,1,1,soft
3230,1.96876,1.91215,0.05661,-0.00733,0.26130,1,1,soft
3236,1.96876,1.91215,0.05661,-0.00733,0.26618,1,1,soft
3241,1.96876,1.91215,0.05661,-0.00733,0.26130,1,1,soft
3246,1.96876,1.91215,0.05661,-0.00733,0.26618,1,1,soft
3251,1.96876,1.91215,0.05661,-0.00733,0.26130,1,1,soft
3256,1.96876,1.91215,0.05661,-0.00733,0.26130,1,1,soft
3261,1.96876,1.91215,0.05661,-0.00733,0.25641,1,1,soft
3266,1.96876,1.91215,0.05661,-0.00733,0.26130,1,1,soft
3271,1.96876,1.91215,0.05661,-0.00733,0.26130,1,1,soft
3276,1.96876,1.91215,0.05661,-0.00733,0.26618,1,1,soft
3281,1.96876,1.91215,0.05661,-0.00733,0.26618,1,1,soft
3286,1.96876,1.91215,0.05661,-0.00733,0.26130,1,1,soft
3291,1.96876,1.91215,0.05661,-0.00733,0.26130,1,1,soft
3296,1.96876,1.91215,0.05661,-0.00733,0.26130,1,1,soft
3301,1.96876,1.91215,0.05661,-0.00733,0.26130,1,1,soft
3306,1.96876,1.91215,0.05661,-0.00733,0.26130,1,1,soft
3311,1.96876,1.91215,0.05661,-0.00733,0.26130,1,1,soft
3316,1.96876,1.91215,0.05661,-0.00733,0.26130,1,1,soft
3321,1.96876,1.91215,0.05661,-0.00733,0.26130,1,1,soft
3326,1.96876,1.91215,0.05661,-0.00733,0.26130,1,1,soft
3332,1.96876,1.91215,0.05661,-0.00733,0.26130,1,1,soft
3337,1.96876,1.91215,0.05661,-0.00733,0.26618,1,1,soft
3342,1.96876,1.91215,0.05661,-0.00733,0.26130,1,1,soft
3347,1.96876,1.91215,0.05661,-0.00733,0.26130,1,1,soft
3352,1.96876,1.91215,0.05661,-0.00733,0.26130,1,1,soft
3357,1.96876,1.91215,0.05661,-0.00733,0.26618,1,1,soft
3362,1.96876,1.91215,0.05661,-0.00733,0.26618,1,1,soft
3367,1.96876,1.91215,0.05661,-0.00733,0.26130,1,1,soft
3372,1.96876,1.91215,0.05661,-0.00733,0.26130,1,1,soft
3377,1.96876,1.91215,0.05661,-0.00733,0.26130,1,1,soft
3382,1.96876,1.91215,0.05661,-0.00733,0.26130,1,1,soft
3387,1.96876,1.91215,0.05661,-0.00733,0.26618,1,1,soft
3392,1.96876,1.91215,0.05661,-0.00733,0.26130,1,1,soft
3397,1.96876,1.91215,0.05661,-0.00733,0.26130,1,1,soft
3402,1.96876,1.91215,0.05661,-0.00733,0.26130,1,1,soft
3407,1.96876,1.91215,0.05661,-0.00733,0.26130,1,1,soft
3412,1.96876,1.91215,0.05661,0.00733,0.26130,1,1,soft
3418,1.96876,1.91215,0.05661,-0.00733,0.26618,1,1,soft
3423,1.96876,1.91215,0.05661,-0.00733,0.26130,1,1,soft
3428,1.96876,1.91215,0.05661,-0.00733,0.26130,1,1,soft
3433,1.96876,1.91215,0.05661,-0.00733,0.26130,1,1,soft
3438,1.96876,1.91215,0.05661,-0.00733,0.26618,1,1,soft
3443,1.96876,1.91215,0.05661,-0.00733,0.26130,1,1,soft
3448,1.96876,1.91215,0.05661,-0.00733,0.26130,1,1,soft
3453,1.96876,1.91215,0.05661,-0.00733,0.26130,1,1,soft
3458,1.96876,1.91215,0.05661,-0.00733,0.26618,1,1,soft
3463,1.96876,1.91215,0.05661,-0.00733,0.26130,1,1,soft
3468,1.96876,1.91215,0.05661,-0.00733,0.26130,1,1,soft
3473,1.96876,1.91215,0.05661,-0.00733,0.26130,1,1,soft
3478,1.96876,1.91215,0.05661,-0.00733,0.26130,1,1,soft
3483,1.96876,1.91215,0.05661,-0.00733,0.26130,1,1,soft
3488,1.96876,1.91215,0.05661,-0.00733,0.26130,1,1,soft
3493,1.96876,1.91215,0.05661,-0.00733,0.26130,1,1,soft
3498,1.96876,1.91215,0.05661,-0.00733,0.26130,1,1,soft
3503,1.96876,1.91215,0.05661,-0.00733,0.26130,1,1,soft
3509,1.96876,1.91215,0.05661,-0.00733,0.26130,1,1,soft
3514,1.96876,1.91215,0.05661,-0.00733,0.26130,1,1,soft
3519,1.96876,1.91215,0.05661,-0.00733,0.26618,1,1,soft
3524,1.96876,1.91215,0.05661,-0.00733,0.26130,1,1,soft
3529,1.96876,1.91215,0.05661,-0.00733,0.26130,1,1,soft
3534,1.96876,1.91215,0.05661,-0.00733,0.26618,1,1,soft
3539,1.96876,1.91215,0.05661,-0.00733,0.26130,1,1,soft
3544,1.96876,1.91215,0.05661,-0.00733,0.26130,1,1,soft
3549,1.96876,1.91215,0.05661,-0.00733,0.26130,1,1,soft
3554,1.96876,1.91215,0.05661,-0.00733,0.26130,1,1,soft
3559,1.96876,1.91215,0.05661,-0.00733,0.26130,1,1,soft
3564,1.96876,1.91215,0.05661,-0.00733,0.26618,1,1,soft
3569,1.96876,1.91215,0.05661,-0.00733,0.26130,1,1,soft
3574,1.96876,1.91215,0.05661,-0.00733,0.26130,1,1,soft
3579,1.96876,1.91215,0.05661,-0.00733,0.26618,1,1,soft
3584,1.96876,1.91215,0.05661,-0.00733,0.26130,1,1,soft
3589,1.96876,1.91215,0.05661,-0.00733,0.26618,1,1,soft
3595,1.96876,1.91215,0.05661,-0.00733,0.26130,1,1,soft
3600,1.96876,1.91215,0.05661,-0.00733,0.26130,1,1,soft
3605,1.96876,1.91215,0.05661,-0.00733,0.26618,1,1,soft
3610,1.96876,1.91215,0.05661,-0.00733,0.26130,1,1,soft
3615,1.96876,1.91215,0.05661,-0.00733,0.26130,1,1,soft
3620,1.96876,1.91215,0.05661,-0.00733,0.26130,1,1,soft
3625,1.96876,1.91215,0.05661,-0.00733,0.26130,1,1,soft
3630,1.96876,1.91215,0.05661,-0.00733,0.26130,1,1,soft
3635,1.96876,1.91215,0.05661,-0.00733,0.26130,1,1,soft
3640,1.96876,1.91215,0.05661,-0.00733,0.25641,1,1,soft
3645,1.96876,1.91215,0.05661,-0.00733,0.25641,1,1,soft
3650,1.96876,1.91215,0.05661,-0.00733,0.25641,1,1,soft
3655,1.96876,1.91215,0.05661,-0.00733,0.26130,1,1,soft
3660,1.96876,1.91215,0.05661,-0.00733,0.26130,1,1,soft
3665,1.96876,1.91215,0.05661,-0.00733,0.26130,1,1,soft
3670,1.96876,1.91215,0.05661,-0.00733,0.26130,1,1,soft
3675,1.96876,1.91215,0.05661,-0.00733,0.26618,1,1,soft
3681,1.96876,1.91215,0.05661,-0.00733,0.26130,1,1,soft
3686,1.96876,1.91215,0.05661,-0.00733,0.25641,1,1,soft
3691,1.96876,1.91215,0.05661,-0.00733,0.26618,1,1,soft
3696,1.96876,1.91215,0.05661,-0.00733,0.26130,1,1,soft
3701,1.96876,1.91215,0.05661,-0.00733,0.26130,1,1,soft
3706,1.96876,1.91215,0.05661,-0.00733,0.25641,1,1,soft
3711,1.96876,1.91215,0.05661,0.00733,0.26130,1,1,soft
3716,1.96876,1.91215,0.05661,-0.00733,0.25641,1,1,soft
3721,1.96876,1.91215,0.05661,-0.00733,0.25641,1,1,soft
3726,1.96876,1.91215,0.05661,-0.00733,0.26130,1,1,soft
3731,1.96876,1.91215,0.05661,-0.00733,0.26130,1,1,soft
3736,1.96876,1.91215,0.05661,-0.00733,0.26130,1,1,soft
3741,1.96876,1.91215,0.05661,-0.00733,0.26130,1,1,soft
3746,1.96876,1.91215,0.05661,-0.00733,0.26130,1,1,soft
3751,1.96876,1.91215,0.05661,-0.00733,0.26130,1,1,soft
3756,1.96876,1.91215,0.05661,-0.00733,0.25641,1,1,soft
3761,1.96876,1.91215,0.05661,-0.00733,0.25641,1,1,soft
3767,1.96876,1.91215,0.05661,-0.00733,0.26130,1,1,soft
3772,1.96876,1.91215,0.05661,-0.00733,0.26130,1,1,soft
3777,1.96876,1.91215,0.05661,-0.00733,0.26130,1,1,soft
3782,1.96876,1.91215,0.05661,-0.00733,0.26130,1,1,soft
3787,1.96876,1.91253,0.05623,-0.00733,0.26130,1,1,soft
3792,1.96876,1.91253,0.05623,-0.00733,0.26130,1,1,soft
3797,1.96876,1.91253,0.05623,-0.00733,0.26618,1,1,soft
3802,1.96876,1.91253,0.05623,-0.00733,0.26130,1,1,soft
3807,1.96876,1.91253,0.05623,-0.00733,0.26130,1,1,soft
3812,1.96876,1.91253,0.05623,-0.00733,0.26130,1,1,soft
3817,1.96876,1.91253,0.05623,-0.00733,0.26130,1,1,soft
3822,1.96876,1.91253,0.05623,-0.00733,0.26130,1,1,soft
3827,1.96876,1.91253,0.05623,-0.00733,0.26130,1,1,soft
3832,1.96876,1.91253,0.05623,-0.00733,0.25641,1,1,soft
3837,1.96876,1.91253,0.05623,-0.00733,0.26130,1,1,soft
3842,1.96876,1.91253,0.05623,-0.00733,0.26130,1,1,soft
3847,1.96876,1.91253,0.05623,-0.00733,0.26130,1,1,soft
3853,1.96876,1.91253,0.05623,-0.00733,0.26130,1,1,soft
3858,1.96876,1.91253,0.05623,-0.00733,0.26130,1,1,soft
3863,1.96876,1.91253,0.05623,-0.00733,0.26130,1,1,soft
3868,1.96876,1.91253,0.05623,-0.00733,0.26130,1,1,soft
3873,1.96876,1.91253,0.05623,-0.00733,0.25641,1,1,soft
3878,1.96876,1.91253,0.05623,-0.00733,0.26130,1,1,soft
3883,1.96876,1.91253,0.05623,-0.00733,0.26130,1,1,soft
3888,1.96876,1.91253,0.05623,-0.00733,0.26130,1,1,soft
3893,1.96876,1.91253,0.05623,-0.00733,0.26130,1,1,soft
3898,1.96876,1.91253,0.05623,-0.00733,0.26130,1,1,soft
3903,1.96876,1.91253,0.05623,-0.00733,0.26130,1,1,soft
3908,1.96876,1.91253,0.05623,-0.00733,0.25641,1,1,soft
3913,1.96876,1.91253,0.05623,-0.00733,0.25641,1,1,soft
3918,1.96876,1.91253,0.05623,-0.00733,0.26130,1,1,soft
3923,1.96876,1.91253,0.05623,-0.00733,0.26618,1,1,soft
3928,1.96876,1.91253,0.05623,-0.00733,0.26618,1,1,soft
3933,1.96876,1.91253,0.05623,-0.00733,0.26130,1,1,soft
3938,1.96876,1.91253,0.05623,-0.00733,0.26130,1,1,soft
3944,1.96876,1.91253,0.05623,-0.00733,0.26130,1,1,soft
3949,1.96876,1.91253,0.05623,-0.00733,0.26130,1,1,soft
3954,1.96876,1.91253,0.05623,-0.00733,0.26130,1,1,soft
3959,1.96876,1.91253,0.05623,-0.00733,0.26130,1,1,soft
3964,1.96876,1.91253,0.05623,-0.00733,0.26130,1,1,soft
3969,1.96876,1.91253,0.05623,-0.00733,0.26130,1,1,soft
3974,1.96876,1.91253,0.05623,-0.00733,0.26130,1,1,soft
3979,1.96876,1.91253,0.05623,-0.00733,0.26130,1,1,soft
3984,1.96876,1.91253,0.05623,-0.00733,0.26130,1,1,soft
3989,1.96876,1.91253,0.05623,-0.00733,0.26130,1,1,soft
3994,1.96876,1.91253,0.05623,-0.00733,0.26130,1,1,soft
3999,1.96876,1.91253,0.05623,-0.00733,0.26130,1,1,soft
4004,1.96876,1.91253,0.05623,-0.00733,0.26618,1,1,soft
4009,1.96876,1.91253,0.05623,-0.00733,0.26130,1,1,soft
4014,1.96876,1.91253,0.05623,-0.00733,0.26130,1,1,soft
4019,1.96876,1.91253,0.05623,-0.00733,0.26130,1,1,soft
4024,1.96876,1.91253,0.05623,-0.00733,0.25641,1,1,soft
4030,1.96876,1.91253,0.05623,-0.00733,0.25641,1,1,soft
4035,1.96876,1.91253,0.05623,-0.00733,0.26130,1,1,soft
4040,1.96876,1.91253,0.05623,-0.00733,0.26618,1,1,soft
4045,1.96876,1.91253,0.05623,-0.00733,0.26130,1,1,soft
4050,1.96876,1.91253,0.05623,-0.00733,0.26130,1,1,soft
4055,1.96876,1.91253,0.05623,-0.00733,0.26130,1,1,soft
4060,1.96876,1.91253,0.05623,-0.00733,0.25641,1,1,soft
4065,1.96876,1.91253,0.05623,-0.00733,0.25641,1,1,soft
4070,1.96876,1.91253,0.05623,-0.00733,0.25641,1,1,soft
4075,1.96876,1.91253,0.05623,-0.00733,0.25641,1,1,soft
4080,1.96876,1.91253,0.05623,-0.00733,0.25641,1,1,soft
4085,1.96876,1.91253,0.05623,-0.00733,0.25641,1,1,soft
4090,1.96876,1.91253,0.05623,-0.00733,0.25641,1,1,soft
4095,1.96876,1.91253,0.05623,-0.00733,0.26130,1,1,soft
4100,1.96876,1.91253,0.05623,-0.00733,0.26130,1,1,soft
4105,1.96876,1.91253,0.05623,-0.00733,0.26130,1,1,soft
4110,1.96876,1.91253,0.05623,-0.00733,0.25641,1,1,soft
4116,1.96876,1.91253,0.05623,-0.00733,0.26130,1,1,soft
4121,1.96876,1.91253,0.05623,-0.00733,0.26130,1,1,soft
4126,1.96876,1.91253,0.05623,-0.00733,0.26130,1,1,soft
4131,1.96876,1.91253,0.05623,-0.00733,0.26130,1,1,soft
4136,1.96876,1.91253,0.05623,-0.00733,0.26130,1,1,soft
4141,1.96876,1.91253,0.05623,-0.00733,0.26130,1,1,soft
4146,1.96876,1.91253,0.05623,-0.00733,0.26130,1,1,soft
4151,1.96876,1.91253,0.05623,-0.00733,0.26618,1,1,soft
4156,1.96876,1.91253,0.05623,-0.00733,0.26618,1,1,soft
4161,1.96876,1.91253,0.05623,-0.00733,0.26130,1,1,soft
4166,1.96876,1.91253,0.05623,-0.00733,0.26130,1,1,soft
4171,1.96876,1.91253,0.05623,-0.00733,0.26130,1,1,soft
4176,1.96876,1.91253,0.05623,-0.00733,0.26130,1,1,soft
4181,1.96876,1.91253,0.05623,-0.00733,0.25641,1,1,soft
4186,1.96876,1.91253,0.05623,-0.00733,0.26130,1,1,soft
4191,1.96876,1.91253,0.05623,-0.00733,0.26130,1,1,soft
4196,1.96876,1.91253,0.05623,-0.00733,0.26130,1,1,soft
4201,1.96876,1.91253,0.05623,-0.00733,0.26130,1,1,soft
4207,1.96876,1.91253,0.05623,-0.00733,0.26130,1,1,soft
4212,1.96876,1.91253,0.05623,-0.00733,0.26618,1,1,soft
4217,1.96876,1.91253,0.05623,-0.00733,0.26130,1,1,soft
4222,1.96876,1.91253,0.05623,-0.00733,0.26618,1,1,soft
4227,1.96876,1.91253,0.05623,-0.00733,0.26130,1,1,soft
4232,1.96876,1.91253,0.05623,-0.00733,0.25641,1,1,soft
4237,1.96876,1.91253,0.05623,-0.00733,0.26130,1,1,soft
4242,1.96876,1.91253,0.05623,-0.00733,0.26130,1,1,soft
4247,1.96876,1.91253,0.05623,-0.00733,0.26618,1,1,soft
4252,1.96876,1.91253,0.05623,-0.00733,0.26130,1,1,soft
4257,1.96876,1.91253,0.05623,-0.00733,0.26130,1,1,soft
4262,1.96876,1.91253,0.05623,-0.00733,0.26130,1,1,soft
4267,1.96876,1.91253,0.05623,-0.00733,0.26130,1,1,soft
4272,1.96876,1.91253,0.05623,-0.00733,0.26130,1,1,soft
4277,1.96876,1.91253,0.05623,-0.00733,0.26130,1,1,soft
4282,1.96876,1.91253,0.05623,-0.00733,0.26130,1,1,soft
4287,1.96876,1.91253,0.05623,-0.00733,0.26130,1,1,soft
4292,1.96876,1.91253,0.05623,-0.00733,0.25641,1,1,soft
4298,1.96876,1.91253,0.05623,-0.00733,0.26130,1,1,soft
4303,1.96876,1.91253,0.05623,-0.00733,0.26130,1,1,soft
4308,1.96876,1.91253,0.05623,-0.00733,0.26130,1,1,soft
4313,1.96876,1.91253,0.05623,-0.00733,0.26130,1,1,soft
4318,1.96876,1.91253,0.05623,-0.00733,0.26130,1,1,soft
4323,1.96876,1.91253,0.05623,-0.00733,0.26130,1,1,soft
4328,1.96876,1.91253,0.05623,-0.00733,0.26130,1,1,soft
4333,1.96876,1.91253,0.05623,-0.00733,0.26130,1,1,soft
4338,1.96876,1.91253,0.05623,-0.00733,0.26618,1,1,soft
4343,1.96876,1.91253,0.05623,-0.00733,0.26130,1,1,soft
4348,1.96876,1.91253,0.05623,-0.00733,0.26130,1,1,soft
4353,1.96876,1.91253,0.05623,-0.00733,0.26130,1,1,soft
4358,1.96876,1.91253,0.05623,-0.00733,0.26130,1,1,soft
4363,1.96876,1.91253,0.05623,-0.00733,0.25641,1,1,soft
4368,1.96876,1.91253,0.05623,-0.00733,0.25641,1,1,soft
4373,1.96876,1.91253,0.05623,-0.00733,0.25641,1,1,soft
4378,1.96876,1.91253,0.05623,-0.00733,0.26130,1,1,soft
4383,1.96876,1.91253,0.05623,-0.00733,0.25641,1,1,soft
4389,1.96876,1.91253,0.05623,-0.00733,0.26130,1,1,soft
4394,1.96876,1.91253,0.05623,-0.00733,0.26130,1,1,soft
4399,1.96876,1.91253,0.05623,-0.00733,0.26130,1,1,soft
4404,1.96876,1.91253,0.05623,-0.00733,0.26130,1,1,soft
4409,1.96876,1.91253,0.05623,-0.00733,0.26130,1,1,soft
4414,1.96876,1.91253,0.05623,-0.00733,0.25641,1,1,soft
4419,1.96876,1.91253,0.05623,-0.00733,0.26130,1,1,soft
4424,1.96876,1.91253,0.05623,-0.00733,0.26130,1,1,soft
4429,1.96876,1.91253,0.05623,-0.00733,0.26130,1,1,soft
4434,1.96876,1.91253,0.05623,-0.00733,0.25641,1,1,soft
4439,1.96876,1.91253,0.05623,-0.00733,0.26130,1,1,soft
4444,1.96876,1.91253,0.05623,-0.00733,0.26130,1,1,soft
4449,1.96876,1.91253,0.05623,-0.00733,0.25641,1,1,soft
4454,1.96876,1.91253,0.05623,-0.00733,0.25641,1,1,soft
4459,1.96876,1.91253,0.05623,-0.00733,0.25641,1,1,soft
4464,1.96876,1.91253,0.05623,-0.00733,0.26130,1,1,soft
4469,1.96876,1.91253,0.05623,-0.00733,0.25641,1,1,soft
4475,1.96876,1.91253,0.05623,-0.00733,0.26130,1,1,soft
4480,1.96876,1.91253,0.05623,-0.00733,0.26130,1,1,soft
4485,1.96876,1.91253,0.05623,-0.00733,0.26618,1,1,soft
4490,1.96876,1.91253,0.05623,-0.00733,0.26130,1,1,soft
4495,1.96876,1.91253,0.05623,-0.00733,0.26130,1,1,soft
4500,1.96876,1.91253,0.05623,-0.00733,0.26130,1,1,soft
4505,1.96876,1.91253,0.05623,-0.00733,0.26130,1,1,soft
4510,1.96876,1.91253,0.05623,-0.00733,0.26618,1,1,soft
4515,1.96876,1.91253,0.05623,-0.00733,0.26130,1,1,soft
4520,1.96876,1.91253,0.05623,-0.00733,0.26618,1,1,soft
4525,1.96876,1.91253,0.05623,-0.00733,0.26130,1,1,soft
4530,1.96876,1.91253,0.05623,-0.00733,0.25641,1,1,soft
4535,1.96876,1.91253,0.05623,-0.00733,0.26130,1,1,soft
4540,1.96876,1.91253,0.05623,-0.00733,0.26130,1,1,soft
4545,1.96876,1.91253,0.05623,-0.00733,0.25641,1,1,soft
4550,1.96876,1.91253,0.05623,-0.00733,0.26130,1,1,soft
4555,1.96876,1.91253,0.05623,-0.00733,0.26130,1,1,soft
4560,1.96876,1.91253,0.05623,-0.00733,0.25641,1,1,soft
4566,1.96876,1.91253,0.05623,-0.00733,0.25641,1,1,soft
4571,1.96876,1.91253,0.05623,-0.00733,0.26130,1,1,soft
4576,1.96876,1.91253,0.05623,-0.00733,0.26130,1,1,soft
4581,1.96876,1.91253,0.05623,-0.00733,0.26130,1,1,soft
4586,1.96876,1.91253,0.05623,-0.00733,0.26618,1,1,soft
4591,1.96876,1.91253,0.05623,-0.00733,0.26618,1,1,soft
4596,1.96876,1.91253,0.05623,-0.00733,0.26130,1,1,soft
4601,1.96876,1.91253,0.05623,-0.00733,0.26130,1,1,soft
4606,1.96876,1.91253,0.05623,-0.00733,0.26130,1,1,soft
4611,1.96876,1.91253,0.05623,-0.00733,0.25641,1,1,soft
4616,1.96876,1.91253,0.05623,-0.00733,0.25641,1,1,soft
4621,1.96876,1.91253,0.05623,-0.00733,0.25641,1,1,soft
4626,1.96876,1.91253,0.05623,-0.00733,0.25641,1,1,soft
4631,1.96876,1.91253,0.05623,-0.00733,0.26130,1,1,soft
4636,1.96876,1.91253,0.05623,-0.00733,0.25641,1,1,soft
4641,1.96876,1.91253,0.05623,-0.00733,0.26618,1,1,soft
4646,1.96876,1.91253,0.05623,-0.00733,0.26130,1,1,soft
4651,1.96876,1.91253,0.05623,-0.00733,0.26130,1,1,soft
4656,1.96876,1.91253,0.05623,-0.00733,0.26618,1,1,soft
4662,1.96876,1.91253,0.05623,-0.00733,0.25641,1,1,soft
4667,1.96876,1.91253,0.05623,-0.00733,0.26130,1,1,soft
4672,1.96876,1.91253,0.05623,-0.00733,0.26130,1,1,soft
4677,1.96876,1.91253,0.05623,-0.00733,0.26130,1,1,soft
4682,1.96876,1.91253,0.05623,-0.00733,0.26130,1,1,soft
4687,1.96876,1.91253,0.05623,-0.00733,0.26130,1,1,soft
4692,1.96876,1.91253,0.05623,-0.00733,0.26130,1,1,soft
4697,1.96876,1.91253,0.05623,-0.00733,0.26130,1,1,soft
4702,1.96876,1.91253,0.05623,-0.00733,0.26130,1,1,soft
4707,1.96876,1.91253,0.05623,-0.00733,0.26130,1,1,soft
4712,1.96876,1.91253,0.05623,-0.00733,0.26130,1,1,soft
4717,1.96876,1.91253,0.05623,-0.00733,0.25641,1,1,soft
4722,1.96876,1.91253,0.05623,-0.00733,0.25641,1,1,soft
4727,1.96876,1.91253,0.05623,-0.00733,0.25641,1,1,soft
4732,1.96876,1.91253,0.05623,-0.00733,0.26130,1,1,soft
4737,1.96876,1.91253,0.05623,-0.00733,0.26130,1,1,soft
4742,1.96876,1.91253,0.05623,-0.00733,0.26130,1,1,soft
4747,1.96876,1.91253,0.05623,-0.00733,0.26130,1,1,soft
4753,1.96876,1.91253,0.05623,-0.00733,0.26130,1,1,soft
4758,1.96876,1.91253,0.05623,-0.00733,0.26130,1,1,soft
4763,1.96876,1.91253,0.05623,-0.00733,0.26130,1,1,soft
4768,1.96876,1.91253,0.05623,-0.00733,0.26618,1,1,soft
4773,1.96876,1.91253,0.05623,-0.00733,0.26130,1,1,soft
4778,1.96876,1.91253,0.05623,-0.00733,0.26130,1,1,soft
4783,1.96876,1.91253,0.05623,-0.00733,0.26618,1,1,soft
4788,1.96876,1.91253,0.05623,-0.00733,0.26130,1,1,soft
4793,1.96876,1.91253,0.05623,-0.00733,0.26130,1,1,soft
4798,1.96876,1.91253,0.05623,-0.00733,0.26130,1,1,soft
4803,1.96876,1.91253,0.05623,-0.00733,0.26130,1,1,soft
4808,1.96876,1.91253,0.05623,-0.00733,0.26130,1,1,soft
4813,1.96876,1.91253,0.05623,-0.00733,0.26130,1,1,soft
4818,1.96876,1.91253,0.05623,-0.00733,0.26130,1,1,soft
4823,1.96876,1.91253,0.05623,-0.00733,0.25641,1,1,soft
4828,1.96876,1.91253,0.05623,-0.00733,0.26130,1,1,soft
4833,1.96876,1.91253,0.05623,-0.00733,0.26130,1,1,soft
4838,1.96876,1.91253,0.05623,-0.00733,0.25641,1,1,soft
4844,1.96876,1.91253,0.05623,-0.00733,0.26130,1,1,soft
4849,1.96876,1.91253,0.05623,-0.00733,0.26130,1,1,soft
4854,1.96876,1.91253,0.05623,-0.00733,0.26130,1,1,soft
4859,1.96876,1.91253,0.05623,-0.00733,0.26130,1,1,soft
4864,1.96876,1.91253,0.05623,-0.00733,0.26130,1,1,soft
4869,1.96876,1.91253,0.05623,-0.00733,0.25641,1,1,soft
4874,1.96876,1.91253,0.05623,-0.00733,0.26130,1,1,soft
4879,1.96876,1.91253,0.05623,-0.00733,0.25641,1,1,soft
4884,1.96876,1.91253,0.05623,-0.00733,0.26130,1,1,soft
4889,1.96876,1.91253,0.05623,-0.00733,0.26130,1,1,soft
4894,1.96876,1.91253,0.05623,-0.00733,0.25641,1,1,soft
4899,1.96876,1.91253,0.05623,-0.00733,0.26130,1,1,soft
4904,1.96876,1.91253,0.05623,-0.00733,0.26130,1,1,soft
4909,1.96876,1.91253,0.05623,-0.00733,0.26130,1,1,soft
4914,1.96876,1.91253,0.05623,-0.00733,0.26130,1,1,soft
4919,1.96876,1.91253,0.05623,-0.00733,0.26130,1,1,soft
4924,1.96876,1.91253,0.05623,-0.00733,0.26130,1,1,soft
4930,1.96876,1.91253,0.05623,-0.00733,0.25641,1,1,soft
4935,1.96876,1.91253,0.05623,-0.00733,0.26130,1,1,soft
4940,1.96876,1.91253,0.05623,-0.00733,0.26130,1,1,soft
4945,1.96876,1.91253,0.05623,-0.00733,0.26130,1,1,soft
4950,1.96876,1.91253,0.05623,-0.00733,0.26130,1,1,soft
4955,1.96876,1.91253,0.05623,-0.00733,0.26130,1,1,soft
4960,1.96876,1.91253,0.05623,-0.00733,0.26130,1,1,soft
4965,1.96876,1.91253,0.05623,-0.00733,0.26130,1,1,soft
4970,1.96876,1.91253,0.05623,-0.00733,0.25641,1,1,soft
4975,1.96876,1.91253,0.05623,-0.00733,0.26130,1,1,soft
4980,1.96876,1.91253,0.05623,-0.00733,0.26130,1,1,soft
4985,1.96876,1.91253,0.05623,-0.00733,0.25641,1,1,soft
4990,1.96876,1.91253,0.05623,-0.00733,0.25641,1,1,soft
4995,1.96876,1.91253,0.05623,-0.00733,0.26130,1,1,soft
5000,1.96876,1.91253,0.05623,-0.00733,0.25641,1,1,soft
5005,1.96876,1.91253,0.05623,-0.00733,0.26130,1,1,soft
5010,1.96876,1.91253,0.05623,-0.00733,0.26130,1,1,soft
5015,1.96876,1.91253,0.05623,-0.00733,0.26130,1,1,soft
5021,1.96876,1.91253,0.05623,-0.00733,0.25641,1,1,soft
5026,1.96876,1.91253,0.05623,-0.00733,0.26618,1,1,soft
5031,1.96876,1.91253,0.05623,-0.00733,0.26130,1,1,soft
5036,1.96876,1.91253,0.05623,-0.00733,0.25641,1,1,soft
5041,1.96876,1.91253,0.05623,-0.00733,0.25641,1,1,soft
5046,1.96876,1.91253,0.05623,-0.00733,0.25641,1,1,soft
5051,1.96876,1.91253,0.05623,-0.00733,0.26130,1,1,soft
5056,1.96876,1.91253,0.05623,-0.00733,0.26130,1,1,soft
5061,1.96876,1.91253,0.05623,-0.00733,0.26618,1,1,soft
5066,1.96876,1.91253,0.05623,-0.00733,0.26130,1,1,soft
5071,1.96876,1.91253,0.05623,-0.00733,0.26130,1,1,soft
5076,1.96876,1.91253,0.05623,-0.00733,0.26130,1,1,soft
5081,1.96876,1.91253,0.05623,-0.00733,0.26130,1,1,soft
5086,1.96876,1.91253,0.05623,-0.00733,0.26130,1,1,soft
5091,1.96876,1.91253,0.05623,-0.00733,0.26130,1,1,soft
5096,1.96876,1.91253,0.05623,-0.00733,0.26130,1,1,soft
5101,1.96876,1.91253,0.05623,-0.00733,0.26130,1,1,soft
5107,1.96876,1.91253,0.05623,-0.00733,0.26130,1,1,soft
5112,1.96876,1.91253,0.05623,-0.00733,0.26130,1,1,soft
5117,1.96876,1.91253,0.05623,-0.00733,0.26130,1,1,soft
5122,1.96876,1.91253,0.05623,-0.00733,0.26130,1,1,soft
5127,1.96876,1.91253,0.05623,-0.00733,0.26618,1,1,soft
5132,1.96876,1.91253,0.05623,-0.00733,0.26618,1,1,soft
5137,1.96876,1.91253,0.05623,-0.00733,0.26130,1,1,soft
5142,1.96876,1.91253,0.05623,-0.00733,0.25641,1,1,soft
5147,1.96876,1.91253,0.05623,-0.00733,0.26130,1,1,soft
5152,1.96876,1.91253,0.05623,-0.00733,0.26130,1,1,soft
5157,1.96876,1.91253,0.05623,-0.00733,0.26130,1,1,soft
5162,1.96876,1.91253,0.05623,-0.00733,0.26130,1,1,soft
5167,1.96876,1.91253,0.05623,-0.00733,0.26130,1,1,soft
5172,1.96876,1.91253,0.05623,-0.00733,0.26130,1,1,soft
5177,1.96876,1.91253,0.05623,-0.00733,0.26130,1,1,soft
5182,1.96876,1.91253,0.05623,-0.00733,0.26618,1,1,soft
5187,1.96876,1.91253,0.05623,-0.00733,0.26130,1,1,soft
5193,1.96876,1.91253,0.05623,-0.00733,0.26130,1,1,soft
5198,1.96876,1.91253,0.05623,-0.00733,0.25641,1,1,soft
5203,1.96876,1.91253,0.05623,-0.00733,0.25641,1,1,soft
5208,1.96876,1.91253,0.05623,-0.00733,0.25641,1,1,soft
5213,1.96876,1.91253,0.05623,-0.00733,0.26130,1,1,soft
5218,1.96876,1.91253,0.05623,-0.00733,0.26130,1,1,soft
5223,1.96876,1.91253,0.05623,-0.00733,0.25641,1,1,soft
5228,1.96876,1.91253,0.05623,-0.00733,0.26130,1,1,soft
5233,1.96876,1.91253,0.05623,-0.00733,0.26130,1,1,soft
5238,1.96876,1.91253,0.05623,-0.00733,0.26130,1,1,soft
5243,1.96876,1.91253,0.05623,-0.00733,0.26618,1,1,soft
5248,1.96876,1.91253,0.05623,-0.00733,0.26618,1,1,soft
5253,1.96876,1.91253,0.05623,-0.00733,0.26130,1,1,soft
5258,1.96876,1.91253,0.05623,-0.00733,0.26130,1,1,soft
5263,1.96876,1.91253,0.05623,-0.00733,0.26130,1,1,soft
5268,1.96876,1.91253,0.05623,-0.00733,0.26130,1,1,soft
5273,1.96876,1.91253,0.05623,-0.00733,0.25641,1,1,soft
5278,1.96876,1.91253,0.05623,-0.00733,0.26130,1,1,soft
5283,1.96876,1.91253,0.05623,-0.00733,0.25641,1,1,soft
5289,1.96876,1.91253,0.05623,-0.00733,0.26130,1,1,soft
5294,1.96876,1.91253,0.05623,-0.00733,0.25641,1,1,soft
5299,1.96876,1.91253,0.05623,-0.00733,0.26130,1,1,soft
5304,1.96876,1.91253,0.05623,-0.00733,0.26130,1,1,soft
5309,1.96876,1.91253,0.05623,-0.00733,0.26130,1,1,soft
5314,1.96876,1.91253,0.05623,-0.00733,0.26130,1,1,soft
5319,1.96876,1.91253,0.05623,-0.00733,0.26130,1,1,soft
5324,1.96876,1.91253,0.05623,-0.00733,0.26130,1,1,soft
5329,1.96876,1.91253,0.05623,-0.00733,0.26130,1,1,soft
5334,1.96876,1.91253,0.05623,-0.00733,0.26130,1,1,soft
5339,1.96876,1.91253,0.05623,-0.00733,0.26618,1,1,soft
5344,1.96876,1.91253,0.05623,-0.00733,0.26130,1,1,soft
5349,1.96876,1.91253,0.05623,-0.00733,0.26130,1,1,soft
5354,1.96876,1.91253,0.05623,-0.00733,0.26130,1,1,soft
5359,1.96876,1.91253,0.05623,-0.00733,0.26130,1,1,soft
5364,1.96876,1.91253,0.05623,-0.00733,0.26130,1,1,soft
5369,1.96876,1.91253,0.05623,-0.00733,0.26130,1,1,soft
5374,1.96876,1.91253,0.05623,-0.00733,0.26618,1,1,soft
5379,1.96876,1.91253,0.05623,-0.00733,0.26130,1,1,soft
5385,1.96876,1.91253,0.05623,-0.00733,0.26130,1,1,soft
5390,1.96876,1.91253,0.05623,-0.00733,0.26130,1,1,soft
5395,1.96876,1.91253,0.05623,-0.00733,0.26130,1,1,soft
5400,1.96876,1.91253,0.05623,-0.00733,0.26130,1,1,soft
5405,1.96876,1.91253,0.05623,-0.00733,0.26130,1,1,soft
5410,1.96876,1.91253,0.05623,-0.00733,0.26130,1,1,soft
5415,1.96876,1.91253,0.05623,-0.00733,0.26130,1,1,soft
5420,1.96876,1.91253,0.05623,-0.00733,0.26618,1,1,soft
5425,1.96876,1.91253,0.05623,-0.00733,0.26618,1,1,soft
5430,1.96876,1.91253,0.05623,-0.00733,0.26130,1,1,soft
5435,1.96876,1.91253,0.05623,-0.00733,0.26130,1,1,soft
5440,1.96876,1.91253,0.05623,-0.00733,0.26130,1,1,soft
5445,1.96876,1.91253,0.05623,-0.00733,0.26130,1,1,soft
5450,1.96876,1.91253,0.05623,-0.00733,0.26130,1,1,soft
5455,1.96876,1.91253,0.05623,-0.00733,0.26130,1,1,soft
5460,1.96876,1.91253,0.05623,-0.00733,0.26130,1,1,soft
5465,1.96876,1.91253,0.05623,-0.00733,0.26130,1,1,soft
5470,1.96876,1.91253,0.05623,-0.00733,0.26130,1,1,soft
5476,1.96876,1.91253,0.05623,-0.00733,0.26618,1,1,soft
5481,1.96876,1.91253,0.05623,-0.00733,0.26130,1,1,soft
5486,1.96876,1.91253,0.05623,-0.00733,0.26130,1,1,soft
5491,1.96876,1.91253,0.05623,-0.00733,0.26130,1,1,soft
5496,1.96876,1.91253,0.05623,-0.00733,0.26130,1,1,soft
5501,1.96876,1.91253,0.05623,-0.00733,0.26130,1,1,soft
5506,1.96876,1.91253,0.05623,-0.00733,0.26130,1,1,soft
5511,1.96876,1.91253,0.05623,-0.00733,0.26130,1,1,soft
5516,1.96876,1.91253,0.05623,-0.00733,0.26130,1,1,soft
5521,1.96876,1.91253,0.05623,-0.00733,0.26130,1,1,soft
5526,1.96876,1.91253,0.05623,-0.00733,0.26130,1,1,soft
5531,1.96876,1.91253,0.05623,-0.00733,0.26130,1,1,soft
5536,1.96876,1.91253,0.05623,-0.00733,0.26130,1,1,soft
5541,1.96876,1.91253,0.05623,-0.00733,0.26130,1,1,soft
5546,1.96876,1.91253,0.05623,-0.00733,0.25641,1,1,soft
5551,1.96876,1.91253,0.05623,-0.00733,0.26130,1,1,soft
5556,1.96876,1.91253,0.05623,-0.00733,0.26130,1,1,soft
5561,1.96876,1.91253,0.05623,-0.00733,0.25641,1,1,soft
5567,1.96876,1.91253,0.05623,-0.00733,0.26130,1,1,soft
5572,1.96876,1.91253,0.05623,-0.00733,0.26130,1,1,soft
5577,1.96876,1.91253,0.05623,-0.00733,0.25641,1,1,soft
5582,1.96876,1.91253,0.05623,-0.00733,0.26130,1,1,soft
5587,1.96876,1.91253,0.05623,-0.00733,0.26130,1,1,soft
5592,1.96876,1.91253,0.05623,-0.00733,0.26130,1,1,soft
5597,1.96876,1.91253,0.05623,-0.00733,0.26130,1,1,soft
5602,1.96876,1.91253,0.05623,-0.00733,0.25641,1,1,soft
5607,1.96876,1.91253,0.05623,-0.00733,0.26130,1,1,soft
5612,1.96876,1.91253,0.05623,-0.00733,0.25641,1,1,soft
5617,1.96876,1.91253,0.05623,-0.00733,0.25641,1,1,soft
5622,1.96876,1.91253,0.05623,-0.00733,0.25641,1,1,soft
5627,1.96876,1.91253,0.05623,-0.00733,0.26130,1,1,soft
5632,1.96876,1.91253,0.05623,-0.00733,0.26130,1,1,soft
5637,1.96876,1.91253,0.05623,-0.00733,0.26130,1,1,soft
5642,1.96876,1.91253,0.05623,-0.00733,0.26130,1,1,soft
5647,1.96876,1.91253,0.05623,-0.00733,0.26130,1,1,soft
5652,1.96876,1.91253,0.05623,-0.00733,0.26618,1,1,soft
5657,1.96876,1.91253,0.05623,-0.00733,0.26130,1,1,soft
5663,1.96876,1.91253,0.05623,-0.00733,0.26130,1,1,soft
5668,1.96876,1.91253,0.05623,-0.00733,0.26130,1,1,soft
5673,1.96876,1.91253,0.05623,-0.00733,0.26130,1,1,soft
5678,1.96876,1.91253,0.05623,-0.00733,0.26130,1,1,soft
5683,1.96876,1.91253,0.05623,-0.00733,0.26130,1,1,soft
5688,1.96876,1.91253,0.05623,-0.00733,0.26130,1,1,soft
5693,1.96876,1.91253,0.05623,-0.00733,0.25641,1,1,soft
5698,1.96876,1.91253,0.05623,-0.00733,0.26130,1,1,soft
5703,1.96876,1.91253,0.05623,-0.00733,0.25641,1,1,soft
5708,1.96876,1.91253,0.05623,-0.00733,0.26130,1,1,soft
5713,1.96876,1.91253,0.05623,-0.00733,0.26130,1,1,soft
5718,1.96876,1.91253,0.05623,-0.00733,0.26130,1,1,soft
5723,1.96876,1.91253,0.05623,-0.00733,0.26130,1,1,soft
5728,1.96876,1.91253,0.05623,-0.00733,0.26130,1,1,soft
5733,1.96876,1.91253,0.05623,-0.00733,0.26618,1,1,soft
5738,1.96876,1.91253,0.05623,-0.00733,0.26130,1,1,soft
5744,1.96876,1.91253,0.05623,-0.00733,0.26130,1,1,soft
5749,1.96876,1.91253,0.05623,-0.00733,0.26130,1,1,soft
5754,1.96876,1.91253,0.05623,-0.00733,0.26130,1,1,soft
5759,1.96876,1.91253,0.05623,-0.00733,0.26130,1,1,soft
5764,1.96876,1.91253,0.05623,-0.00733,0.26130,1,1,soft
5769,1.96876,1.91253,0.05623,-0.00733,0.26130,1,1,soft
5774,1.96876,1.91253,0.05623,-0.00733,0.25641,1,1,soft
5779,1.96876,1.91253,0.05623,-0.00733,0.26130,1,1,soft
5784,1.96876,1.91253,0.05623,-0.00733,0.26130,1,1,soft
5789,1.96876,1.91253,0.05623,-0.00733,0.26130,1,1,soft
5794,1.96876,1.91253,0.05623,-0.00733,0.25641,1,1,soft
5799,1.96876,1.91253,0.05623,-0.00733,0.26130,1,1,soft
5804,1.96876,1.91253,0.05623,-0.00733,0.26130,1,1,soft
5809,1.96876,1.91253,0.05623,-0.00733,0.26130,1,1,soft
5814,1.96876,1.91253,0.05623,-0.00733,0.26130,1,1,soft
5819,1.96876,1.91253,0.05623,-0.00733,0.26130,1,1,soft
5825,1.96876,1.91253,0.05623,-0.00733,0.26130,1,1,soft
5830,1.96876,1.91253,0.05623,-0.00733,0.26130,1,1,soft
5835,1.96876,1.91253,0.05623,-0.00733,0.25641,1,1,soft
5840,1.96876,1.91253,0.05623,-0.00733,0.26130,1,1,soft
5845,1.96876,1.91253,0.05623,-0.00733,0.26130,1,1,soft
5850,1.96876,1.91253,0.05623,-0.00733,0.25641,1,1,soft
5855,1.96876,1.91253,0.05623,-0.00733,0.25641,1,1,soft
5860,1.96876,1.91253,0.05623,-0.00733,0.26130,1,1,soft
5865,1.96876,1.91253,0.05623,-0.00733,0.26130,1,1,soft
5870,1.96876,1.91253,0.05623,-0.00733,0.26130,1,1,soft
5875,1.96876,1.91253,0.05623,-0.00733,0.26130,1,1,soft
5880,1.96876,1.91253,0.05623,-0.00733,0.26130,1,1,soft
5885,1.96876,1.91253,0.05623,-0.00733,0.26130,1,1,soft
5890,1.96876,1.91253,0.05623,-0.00733,0.26130,1,1,soft
5895,1.96876,1.91253,0.05623,-0.00733,0.26130,1,1,soft
5900,1.96876,1.91253,0.05623,-0.00733,0.26130,1,1,soft
5905,1.96876,1.91253,0.05623,-0.00733,0.25641,1,1,soft
5910,1.96876,1.91253,0.05623,-0.00733,0.26130,1,1,soft
5916,1.96876,1.91253,0.05623,-0.00733,0.25641,1,1,soft
5921,1.96876,1.91253,0.05623,-0.00733,0.25641,1,1,soft
5926,1.96876,1.91253,0.05623,-0.00733,0.26130,1,1,soft
5931,1.96876,1.91253,0.05623,-0.00733,0.25641,1,1,soft
5936,1.96876,1.91253,0.05623,-0.00733,0.26130,1,1,soft
5941,1.96876,1.91253,0.05623,-0.00733,0.26130,1,1,soft
5946,1.96876,1.91253,0.05623,-0.00733,0.26130,1,1,soft
5951,1.96876,1.91253,0.05623,-0.00733,0.25641,1,1,soft
5956,1.96876,1.91253,0.05623,-0.00733,0.25641,1,1,soft
5961,1.96876,1.91253,0.05623,-0.00733,0.25641,1,1,soft
5966,1.96876,1.91253,0.05623,-0.00733,0.26130,1,1,soft
5971,1.96876,1.91253,0.05623,-0.00733,0.25641,1,1,soft
5976,1.96876,1.91253,0.05623,-0.00733,0.25641,1,1,soft
5981,1.96876,1.91253,0.05623,-0.00733,0.26130,1,1,soft
5986,1.96876,1.91253,0.05623,-0.00733,0.26618,1,1,soft
5991,1.96876,1.91253,0.05623,-0.00733,0.26130,1,1,soft
5996,1.96876,1.91253,0.05623,-0.00733,0.26130,1,1,soft
6002,1.96876,1.91253,0.05623,-0.00733,0.26130,1,1,soft
6007,1.96876,1.91291,0.05585,-0.00733,0.26130,1,1,soft
6012,1.96876,1.91291,0.05585,-0.00733,0.26130,1,1,soft
6017,1.96876,1.91291,0.05585,-0.00733,0.26130,1,1,soft
6022,1.96876,1.91291,0.05585,-0.00733,0.25641,1,1,soft
6027,1.96876,1.91291,0.05585,-0.00733,0.25153,1,1,soft
6032,1.96876,1.91291,0.05585,-0.00733,0.25641,1,1,soft
6037,1.96876,1.91291,0.05585,-0.00733,0.25153,1,1,soft
6042,1.96876,1.91291,0.05585,-0.00733,0.25153,1,1,soft
6047,1.96876,1.91291,0.05585,0.00733,0.25153,1,1,soft
6052,1.96876,1.91291,0.05585,0.00733,0.24664,1,1,soft
6057,1.96876,1.91329,0.05547,0.00733,0.24664,1,1,soft
6062,1.96876,1.91329,0.05547,0.02198,0.23687,0,1,soft
6067,1.96876,1.91367,0.05509,0.05128,0.22711,0,1,soft
6072,1.96876,1.91405,0.05470,0.08059,0.20269,0,1,soft
6077,1.96876,1.91482,0.05394,0.12454,0.17827,0,1,soft
6082,1.96876,1.91558,0.05318,0.06594,0.16850,0,1,soft
6088,1.96876,1.91558,0.05318,-0.00733,0.19292,0,1,soft
6093,1.96876,1.91558,0.05318,0.00733,0.20269,0,1,soft
6098,1.96876,1.91558,0.05318,0.02198,0.21734,0,1,soft
6103,1.96876,1.91558,0.05318,0.00733,0.22222,0,1,soft
6108,1.96876,1.91558,0.05318,0.00733,0.22222,0,1,soft
6113,1.96876,1.91558,0.05318,0.00733,0.23199,0,1,soft
6118,1.96876,1.91558,0.05318,0.00733,0.23199,0,1,soft
6123,1.96876,1.91558,0.05318,-0.00733,0.23687,0,1,soft
6128,1.96876,1.91558,0.05318,0.00733,0.23199,0,1,soft
6133,1.96876,1.91596,0.05280,-0.00733,0.23687,0,1,soft
6138,1.96876,1.91596,0.05280,-0.00733,0.23687,0,1,soft
6143,1.96876,1.91596,0.05280,-0.00733,0.23687,0,1,soft
6148,1.96876,1.91596,0.05280,0.00733,0.23687,0,1,soft
6153,1.96876,1.91596,0.05280,-0.00733,0.24176,0,1,soft
6158,1.96876,1.91596,0.05280,-0.00733,0.23687,0,1,soft
6163,1.96876,1.91596,0.05280,0.00733,0.24176,0,1,soft
6168,1.96876,1.91596,0.05280,-0.00733,0.23687,0,1,soft
6173,1.96876,1.91596,0.05280,-0.00733,0.24176,0,1,soft
6179,1.96876,1.91596,0.05280,-0.00733,0.24176,0,1,soft
6184,1.96876,1.91596,0.05280,-0.00733,0.23687,0,1,soft
6189,1.96876,1.91596,0.05280,-0.00733,0.23687,0,1,soft
6194,1.96876,1.91596,0.05280,-0.00733,0.24176,0,1,soft
6199,1.96876,1.91596,0.05280,-0.00733,0.24176,0,1,soft
6204,1.96876,1.91596,0.05280,-0.00733,0.23687,0,1,soft
6209,1.96876,1.91596,0.05280,-0.00733,0.23687,0,1,soft
6214,1.96876,1.91596,0.05280,-0.00733,0.24176,0,1,soft
6219,1.96876,1.91596,0.05280,-0.00733,0.24176,0,1,soft
6224,1.96876,1.91596,0.05280,-0.00733,0.24176,0,1,soft
6229,1.96876,1.91596,0.05280,-0.00733,0.24176,0,1,soft
6234,1.96876,1.91596,0.05280,-0.00733,0.24176,0,1,soft
6239,1.96876,1.91596,0.05280,-0.00733,0.24176,0,1,soft
6244,1.96876,1.91596,0.05280,-0.00733,0.24664,0,1,soft
6249,1.96876,1.91596,0.05280,-0.00733,0.24176,0,1,soft
6254,1.96876,1.91596,0.05280,-0.00733,0.23687,0,1,soft
6259,1.96876,1.91596,0.05280,-0.00733,0.24176,0,1,soft
6264,1.96876,1.91596,0.05280,0.00733,0.24176,0,1,soft
6270,1.96876,1.91596,0.05280,-0.00733,0.24176,0,1,soft
6275,1.96876,1.91634,0.05241,-0.00733,0.24176,0,1,soft
6280,1.96876,1.91634,0.05241,-0.00733,0.24176,0,1,soft
6285,1.96876,1.91634,0.05241,-0.00733,0.23687,0,1,soft
6290,1.96876,1.91634,0.05241,0.00733,0.23687,0,1,soft
6295,1.96876,1.91634,0.05241,-0.00733,0.23687,0,1,soft
6300,1.96876,1.91634,0.05241,0.00733,0.23687,0,1,soft
6305,1.96876,1.91634,0.05241,0.00733,0.23199,0,1,soft
6310,1.96876,1.91634,0.05241,0.02198,0.23199,0,1,soft
6315,1.96876,1.91672,0.05203,0.02198,0.22222,0,1,soft
6320,1.96876,1.91672,0.05203,0.03663,0.21734,0,1,soft
6325,1.96876,1.91749,0.05127,0.06594,0.19780,0,1,soft
6330,1.96876,1.91825,0.05051,0.15385,0.15873,0,1,soft
6335,1.96876,1.91939,0.04936,0.19780,0.11966,0,0,soft
6340,1.96876,1.91978,0.04898,0.00733,0.12454,0,0,soft
6345,1.96876,1.91978,0.04898,-0.00733,0.15385,0,0,soft
6350,1.96876,1.91978,0.04898,0.02198,0.17827,0,0,soft
6355,1.96876,1.91978,0.04898,0.03663,0.18315,0,0,soft
6361,1.96876,1.91978,0.04898,0.00733,0.18804,0,0,soft
6366,1.96876,1.92016,0.04860,0.02198,0.19780,0,0,soft
6371,1.96876,1.92016,0.04860,0.02198,0.19292,0,0,soft
6376,1.96876,1.92054,0.04822,0.02198,0.18804,0,0,soft
6381,1.96876,1.92054,0.04822,0.05128,0.18315,0,0,soft
6386,1.96876,1.92130,0.04746,0.08059,0.16361,0,0,soft
6391,1.96876,1.92206,0.04669,0.16850,0.12943,0,0,soft
6396,1.96876,1.92321,0.04555,0.18315,0.09524,0,0,soft
6401,1.96876,1.92359,0.04517,0.02198,0.10501,0,0,soft
6406,1.96876,1.92359,0.04517,0.00733,0.13431,0,0,soft
6411,1.96876,1.92359,0.04517,0.03663,0.15385,0,0,soft
6416,1.96876,1.92359,0.04517,0.05128,0.15873,0,0,soft
6421,1.96876,1.92397,0.04479,0.03663,0.15873,0,0,soft
6426,1.96876,1.92435,0.04440,0.05128,0.15873,0,0,soft
6431,1.96876,1.92474,0.04402,0.06594,0.14896,0,0,soft
6436,1.96876,1.92550,0.04326,0.13920,0.12454,0,0,soft
6441,1.96876,1.92664,0.04212,0.21246,0.08059,0,0,soft
6447,1.96876,1.92702,0.04173,0.06594,0.07570,0,0,soft
6452,1.96876,1.92702,0.04173,-0.00733,0.10989,0,0,soft
6457,1.96876,1.92702,0.04173,0.00733,0.12943,0,0,soft
6462,1.96876,1.92702,0.04173,0.03663,0.14408,0,0,soft
6467,1.96876,1.92741,0.04135,0.00733,0.15385,0,0,soft
6472,1.96876,1.92741,0.04135,0.00733,0.16361,0,0,soft
6477,1.96876,1.92741,0.04135,0.02198,0.16361,0,0,soft
6482,1.96876,1.92741,0.04135,0.00733,0.16850,0,0,soft
6487,1.96876,1.92741,0.04135,0.00733,0.16850,0,0,soft
6492,1.96876,1.92741,0.04135,0.00733,0.17338,0,0,soft
6497,1.96876,1.92779,0.04097,0.00733,0.17338,0,0,soft
6502,1.96876,1.92779,0.04097,0.00733,0.17338,0,0,soft
6507,1.96876,1.92779,0.04097,0.00733,0.17338,0,0,soft
6512,1.96876,1.92779,0.04097,0.02198,0.16850,0,0,soft
6517,1.96876,1.92817,0.04059,0.02198,0.16361,0,0,soft
6522,1.96876,1.92817,0.04059,0.03663,0.15873,0,0,soft
6527,1.96876,1.92893,0.03983,0.06594,0.14408,0,0,soft
6532,1.96876,1.92931,0.03944,0.10989,0.11966,0,0,soft
6538,1.96876,1.93046,0.03830,0.15385,0.08547,0,0,soft
6543,1.96876,1.93084,0.03792,0.06594,0.07570,0,0,soft
6548,1.96876,1.93084,0.03792,-0.00733,0.10012,0,0,soft
6553,1.96876,1.93084,0.03792,0.02198,0.11966,0,0,soft
6558,1.96876,1.93122,0.03754,0.03663,0.12454,0,0,soft
6563,1.96876,1.93122,0.03754,0.03663,0.12454,0,0,soft
6568,1.96876,1.93160,0.03716,0.03663,0.12454,0,0,soft
6573,1.96876,1.93160,0.03716,0.06594,0.11966,0,0,soft
6578,1.96876,1.93236,0.03639,0.08059,0.10989,0,0,soft
6583,1.96876,1.93313,0.03563,0.15385,0.07570,0,0,soft
6588,1.96876,1.93389,0.03487,0.15385,0.05128,0,0,soft
6593,1.96876,1.93427,0.03449,0.00733,0.06594,0,0,soft
6598,1.96876,1.93427,0.03449,-0.00733,0.09035,0,0,soft
6603,1.96876,1.93427,0.03449,0.03663,0.10989,0,0,soft
6608,1.96876,1.93427,0.03449,0.00733,0.11966,0,0,soft
6613,1.96876,1.93427,0.03449,-0.00733,0.12943,0,0,soft
6618,1.96876,1.93427,0.03449,0.00733,0.13431,0,0,soft
6623,1.96876,1.93427,0.03449,0.00733,0.13431,0,0,soft
6628,1.96876,1.93427,0.03449,0.00733,0.13919,0,0,soft
6634,1.96876,1.93465,0.03410,-0.00733,0.14408,0,0,soft
6639,1.96876,1.93465,0.03410,0.00733,0.14408,0,0,soft
6644,1.96876,1.93465,0.03410,-0.00733,0.14408,0,0,soft
6649,1.96876,1.93465,0.03410,-0.00733,0.14896,0,0,soft
6654,1.96876,1.93465,0.03410,-0.00733,0.14896,0,0,soft
6659,1.96876,1.93465,0.03410,-0.00733,0.15385,0,0,soft
6664,1.96876,1.93465,0.03410,-0.00733,0.14896,0,0,soft
6669,1.96876,1.93465,0.03410,-0.00733,0.15385,0,0,soft
6674,1.96876,1.93465,0.03410,-0.00733,0.15385,0,0,soft
6679,1.96876,1.93465,0.03410,-0.00733,0.15385,0,0,soft
6684,1.96876,1.93465,0.03410,-0.00733,0.14896,0,0,soft
6689,1.96876,1.93465,0.03410,-0.00733,0.14896,0,0,soft
6694,1.96876,1.93465,0.03410,-0.00733,0.15385,0,0,soft
6699,1.96876,1.93465,0.03410,-0.00733,0.14896,0,0,soft
6704,1.96876,1.93465,0.03410,-0.00733,0.14896,0,0,soft
6709,1.96876,1.93465,0.03410,-0.00733,0.14896,0,0,soft
6714,1.96876,1.93465,0.03410,-0.00733,0.14896,0,0,soft
6719,1.96876,1.93465,0.03410,-0.00733,0.15385,0,0,soft
6725,1.96876,1.93465,0.03410,-0.00733,0.14896,0,0,soft
6730,1.96876,1.93465,0.03410,-0.00733,0.15385,0,0,soft
6735,1.96876,1.93465,0.03410,-0.00733,0.14896,0,0,soft
6740,1.96876,1.93465,0.03410,-0.00733,0.14896,0,0,soft
6745,1.96876,1.93465,0.03410,-0.00733,0.14896,0,0,soft
6750,1.96876,1.93465,0.03410,-0.00733,0.14896,0,0,soft
6755,1.96876,1.93465,0.03410,-0.00733,0.14896,0,0,soft
6760,1.96876,1.93465,0.03410,-0.00733,0.14896,0,0,soft
6765,1.96876,1.93465,0.03410,-0.00733,0.14896,0,0,soft
6770,1.96876,1.93465,0.03410,-0.00733,0.15385,0,0,soft
6775,1.96876,1.93465,0.03410,-0.00733,0.15385,0,0,soft
6780,1.96876,1.93465,0.03410,-0.00733,0.15385,0,0,soft
6785,1.96876,1.93465,0.03410,-0.00733,0.15385,0,0,soft
6790,1.96876,1.93465,0.03410,-0.00733,0.15385,0,0,soft
6795,1.96876,1.93465,0.03410,-0.00733,0.15385,0,0,soft
6800,1.96876,1.93465,0.03410,-0.00733,0.15385,0,0,soft
6805,1.96876,1.93465,0.03410,-0.00733,0.15385,0,0,soft
6810,1.96876,1.93465,0.03410,-0.00733,0.15385,0,0,soft
6816,1.96876,1.93465,0.03410,-0.00733,0.15385,0,0,soft
6821,1.96876,1.93465,0.03410,-0.00733,0.15873,0,0,soft
6826,1.96876,1.93465,0.03410,-0.00733,0.15385,0,0,soft
6831,1.96876,1.93465,0.03410,-0.00733,0.15385,0,0,soft
6836,1.96876,1.93465,0.03410,-0.00733,0.15385,0,0,soft
6841,1.96876,1.93465,0.03410,-0.00733,0.15385,0,0,soft
6846,1.96876,1.93465,0.03410,-0.00733,0.15385,0,0,soft
6851,1.96876,1.93465,0.03410,-0.00733,0.15385,0,0,soft
6856,1.96876,1.93465,0.03410,-0.00733,0.15385,0,0,soft
6861,1.96876,1.93465,0.03410,-0.00733,0.15385,0,0,soft
6866,1.96876,1.93465,0.03410,-0.00733,0.15385,0,0,soft
6871,1.96876,1.93465,0.03410,-0.00733,0.14896,0,0,soft
6876,1.96876,1.93465,0.03410,-0.00733,0.15385,0,0,soft
6881,1.96876,1.93465,0.03410,-0.00733,0.15385,0,0,soft
6886,1.96876,1.93465,0.03410,-0.00733,0.15385,0,0,soft
6891,1.96876,1.93465,0.03410,-0.00733,0.14896,0,0,soft
6896,1.96876,1.93465,0.03410,-0.00733,0.15385,0,0,soft
6901,1.96876,1.93465,0.03410,-0.00733,0.15385,0,0,soft
6907,1.96876,1.93465,0.03410,-0.00733,0.15385,0,0,soft
6912,1.96876,1.93465,0.03410,-0.00733,0.15385,0,0,soft
6917,1.96876,1.93465,0.03410,-0.00733,0.15385,0,0,soft
6922,1.96876,1.93465,0.03410,-0.00733,0.14896,0,0,soft
6927,1.96876,1.93465,0.03410,-0.00733,0.14896,0,0,soft
6932,1.96876,1.93465,0.03410,-0.00733,0.14896,0,0,soft
6937,1.96876,1.93465,0.03410,-0.00733,0.15385,0,0,soft
6942,1.96876,1.93465,0.03410,-0.00733,0.15385,0,0,soft
6947,1.96876,1.93465,0.03410,-0.00733,0.14896,0,0,soft
6952,1.96876,1.93465,0.03410,-0.00733,0.15385,0,0,soft
6957,1.96876,1.93465,0.03410,-0.00733,0.15385,0,0,soft
6962,1.96876,1.93465,0.03410,-0.00733,0.15385,0,0,soft
6967,1.96876,1.93465,0.03410,-0.00733,0.15385,0,0,soft
6972,1.96876,1.93465,0.03410,-0.00733,0.14896,0,0,soft
6977,1.96876,1.93465,0.03410,-0.00733,0.14896,0,0,soft
6982,1.96876,1.93465,0.03410,-0.00733,0.15385,0,0,soft
6987,1.96876,1.93465,0.03410,-0.00733,0.15385,0,0,soft
6992,1.96876,1.93465,0.03410,-0.00733,0.14896,0,0,soft
6997,1.96876,1.93465,0.03410,-0.00733,0.15873,0,0,soft
7003,1.96876,1.93465,0.03410,-0.00733,0.14896,0,0,soft
7008,1.96876,1.93465,0.03410,-0.00733,0.15385,0,0,soft
7013,1.96876,1.93465,0.03410,-0.00733,0.14896,0,0,soft
7018,1.96876,1.93465,0.03410,-0.00733,0.14896,0,0,soft
7023,1.96876,1.93465,0.03410,-0.00733,0.15385,0,0,soft
7028,1.96876,1.93465,0.03410,-0.00733,0.15385,0,0,soft
7033,1.96876,1.93465,0.03410,-0.00733,0.15385,0,0,soft
7038,1.96876,1.93465,0.03410,-0.00733,0.15385,0,0,soft
7043,1.96876,1.93465,0.03410,-0.00733,0.15385,0,0,soft
7048,1.96876,1.93465,0.03410,-0.00733,0.15385,0,0,soft
7053,1.96876,1.93465,0.03410,-0.00733,0.15385,0,0,soft
7058,1.96876,1.93465,0.03410,-0.00733,0.14896,0,0,soft
7063,1.96876,1.93465,0.03410,-0.00733,0.15385,0,0,soft
7068,1.96876,1.93465,0.03410,-0.00733,0.15385,0,0,soft
7073,1.96876,1.93465,0.03410,-0.00733,0.15385,0,0,soft
7078,1.96876,1.93465,0.03410,-0.00733,0.15385,0,0,soft
7083,1.96876,1.93465,0.03410,-0.00733,0.14896,0,0,soft
7088,1.96876,1.93465,0.03410,-0.00733,0.14896,0,0,soft
7094,1.96876,1.93465,0.03410,-0.00733,0.15385,0,0,soft
7099,1.96876,1.93465,0.03410,-0.00733,0.15385,0,0,soft
7104,1.96876,1.93465,0.03410,-0.00733,0.15385,0,0,soft
7109,1.96876,1.93465,0.03410,-0.00733,0.15385,0,0,soft
7114,1.96876,1.93465,0.03410,-0.00733,0.15385,0,0,soft
7119,1.96876,1.93465,0.03410,-0.00733,0.14896,0,0,soft
7124,1.96876,1.93465,0.03410,-0.00733,0.15385,0,0,soft
7129,1.96876,1.93465,0.03410,-0.00733,0.15385,0,0,soft
7134,1.96876,1.93465,0.03410,-0.00733,0.15385,0,0,soft
7139,1.96876,1.93465,0.03410,-0.00733,0.15385,0,0,soft
7144,1.96876,1.93465,0.03410,-0.00733,0.14896,0,0,soft
7149,1.96876,1.93465,0.03410,-0.00733,0.14896,0,0,soft
7154,1.96876,1.93465,0.03410,-0.00733,0.15385,0,0,soft
7159,1.96876,1.93465,0.03410,-0.00733,0.14896,0,0,soft
7164,1.96876,1.93465,0.03410,-0.00733,0.15385,0,0,soft
7169,1.96876,1.93465,0.03410,-0.00733,0.15385,0,0,soft
7174,1.96876,1.93465,0.03410,-0.00733,0.15385,0,0,soft
7180,1.96876,1.93465,0.03410,-0.00733,0.15385,0,0,soft
7185,1.96876,1.93465,0.03410,-0.00733,0.15385,0,0,soft
7190,1.96876,1.93465,0.03410,-0.00733,0.15385,0,0,soft
7195,1.96876,1.93465,0.03410,-0.00733,0.14896,0,0,soft
7200,1.96876,1.93465,0.03410,-0.00733,0.14896,0,0,soft
7205,1.96876,1.93465,0.03410,-0.00733,0.15385,0,0,soft
7210,1.96876,1.93465,0.03410,-0.00733,0.15385,0,0,soft
7215,1.96876,1.93465,0.03410,-0.00733,0.15385,0,0,soft
7220,1.96876,1.93465,0.03410,-0.00733,0.15385,0,0,soft
7225,1.96876,1.93465,0.03410,-0.00733,0.15385,0,0,soft
7230,1.96876,1.93465,0.03410,-0.00733,0.14896,0,0,soft
7235,1.96876,1.93465,0.03410,-0.00733,0.14896,0,0,soft
7240,1.96876,1.93465,0.03410,-0.00733,0.15385,0,0,soft
7245,1.96876,1.93465,0.03410,-0.00733,0.14896,0,0,soft
7250,1.96876,1.93465,0.03410,-0.00733,0.15385,0,0,soft
7255,1.96876,1.93465,0.03410,-0.00733,0.14896,0,0,soft
7260,1.96876,1.93465,0.03410,-0.00733,0.15385,0,0,soft
7265,1.96876,1.93465,0.03410,-0.00733,0.15385,0,0,soft
7271,1.96876,1.93465,0.03410,-0.00733,0.15385,0,0,soft
7276,1.96876,1.93465,0.03410,-0.00733,0.14896,0,0,soft
7281,1.96876,1.93465,0.03410,-0.00733,0.15385,0,0,soft
7286,1.96876,1.93465,0.03410,-0.00733,0.15873,0,0,soft
7291,1.96876,1.93465,0.03410,-0.00733,0.15385,0,0,soft
7296,1.96876,1.93465,0.03410,-0.00733,0.15385,0,0,soft
7301,1.96876,1.93465,0.03410,-0.00733,0.15385,0,0,soft
7306,1.96876,1.93465,0.03410,-0.00733,0.14896,0,0,soft
7311,1.96876,1.93465,0.03410,-0.00733,0.15385,0,0,soft
7316,1.96876,1.93465,0.03410,-0.00733,0.15385,0,0,soft
7321,1.96876,1.93465,0.03410,-0.00733,0.15385,0,0,soft
7326,1.96876,1.93465,0.03410,-0.00733,0.15385,0,0,soft
7331,1.96876,1.93465,0.03410,-0.00733,0.15385,0,0,soft
7336,1.96876,1.93465,0.03410,-0.00733,0.15385,0,0,soft
7341,1.96876,1.93465,0.03410,-0.00733,0.15385,0,0,soft
7346,1.96876,1.93465,0.03410,-0.00733,0.15873,0,0,soft
7351,1.96876,1.93465,0.03410,-0.00733,0.15385,0,0,soft
7357,1.96876,1.93465,0.03410,-0.00733,0.15385,0,0,soft
7362,1.96876,1.93465,0.03410,-0.00733,0.15385,0,0,soft
7367,1.96876,1.93465,0.03410,-0.00733,0.15873,0,0,soft
7372,1.96876,1.93465,0.03410,-0.00733,0.15385,0,0,soft
7377,1.96876,1.93465,0.03410,-0.00733,0.15385,0,0,soft
7382,1.96876,1.93465,0.03410,-0.00733,0.15385,0,0,soft
7387,1.96876,1.93465,0.03410,-0.00733,0.15385,0,0,soft
7392,1.96876,1.93465,0.03410,-0.00733,0.15385,0,0,soft
7397,1.96876,1.93465,0.03410,-0.00733,0.15385,0,0,soft
7402,1.96876,1.93465,0.03410,-0.00733,0.15385,0,0,soft
7407,1.96876,1.93465,0.03410,-0.00733,0.15385,0,0,soft
7412,1.96876,1.93465,0.03410,-0.00733,0.14896,0,0,soft
7417,1.96876,1.93465,0.03410,-0.00733,0.15385,0,0,soft
7422,1.96876,1.93465,0.03410,-0.00733,0.15385,0,0,soft
7427,1.96876,1.93465,0.03410,-0.00733,0.14896,0,0,soft
7432,1.96876,1.93465,0.03410,-0.00733,0.14896,0,0,soft
7437,1.96876,1.93465,0.03410,-0.00733,0.14896,0,0,soft
7442,1.96876,1.93465,0.03410,-0.00733,0.14896,0,0,soft
7448,1.96876,1.93465,0.03410,-0.00733,0.15385,0,0,soft
7453,1.96876,1.93465,0.03410,-0.00733,0.15385,0,0,soft
7458,1.96876,1.93465,0.03410,-0.00733,0.14896,0,0,soft
7463,1.96876,1.93465,0.03410,-0.00733,0.14896,0,0,soft
7468,1.96876,1.93465,0.03410,-0.00733,0.15385,0,0,soft
7473,1.96876,1.93465,0.03410,-0.00733,0.15385,0,0,soft
7478,1.96876,1.93465,0.03410,-0.00733,0.14896,0,0,soft
7483,1.96876,1.93465,0.03410,-0.00733,0.14896,0,0,soft
7488,1.96876,1.93465,0.03410,-0.00733,0.15385,0,0,soft
7493,1.96876,1.93465,0.03410,-0.00733,0.15385,0,0,soft
7498,1.96876,1.93465,0.03410,-0.00733,0.14896,0,0,soft
7503,1.96876,1.93465,0.03410,-0.00733,0.14896,0,0,soft
7508,1.96876,1.93465,0.03410,-0.00733,0.14896,0,0,soft
7513,1.96876,1.93465,0.03410,-0.00733,0.15385,0,0,soft
7518,1.96876,1.93465,0.03410,-0.00733,0.15385,0,0,soft
7523,1.96876,1.93465,0.03410,-0.00733,0.15385,0,0,soft
7528,1.96876,1.93465,0.03410,-0.00733,0.15385,0,0,soft
7533,1.96876,1.93465,0.03410,-0.00733,0.15385,0,0,soft
7539,1.96876,1.93465,0.03410,-0.00733,0.15385,0,0,soft
7544,1.96876,1.93465,0.03410,-0.00733,0.15385,0,0,soft
7549,1.96876,1.93465,0.03410,-0.00733,0.15385,0,0,soft
7554,1.96876,1.93465,0.03410,-0.00733,0.15385,0,0,soft
7559,1.96876,1.93465,0.03410,-0.00733,0.14896,0,0,soft
7564,1.96876,1.93465,0.03410,-0.00733,0.15385,0,0,soft
7569,1.96876,1.93465,0.03410,-0.00733,0.15385,0,0,soft
7574,1.96876,1.93465,0.03410,-0.00733,0.14896,0,0,soft
7579,1.96876,1.93465,0.03410,-0.00733,0.15385,0,0,soft
7584,1.96876,1.93465,0.03410,-0.00733,0.15385,0,0,soft
7589,1.96876,1.93465,0.03410,-0.00733,0.15385,0,0,soft
7594,1.96876,1.93465,0.03410,-0.00733,0.15385,0,0,soft
7599,1.96876,1.93465,0.03410,-0.00733,0.15385,0,0,soft
7604,1.96876,1.93465,0.03410,-0.00733,0.15385,0,0,soft
7609,1.96876,1.93465,0.03410,-0.00733,0.15385,0,0,soft
7614,1.96876,1.93465,0.03410,-0.00733,0.15385,0,0,soft
7619,1.96876,1.93465,0.03410,-0.00733,0.15385,0,0,soft
7625,1.96876,1.93465,0.03410,-0.00733,0.15385,0,0,soft
7630,1.96876,1.93465,0.03410,-0.00733,0.15385,0,0,soft
7635,1.96876,1.93465,0.03410,-0.00733,0.15385,0,0,soft
7640,1.96876,1.93465,0.03410,-0.00733,0.15385,0,0,soft
7645,1.96876,1.93465,0.03410,-0.00733,0.14896,0,0,soft
7650,1.96876,1.93465,0.03410,-0.00733,0.15385,0,0,soft
7655,1.96876,1.93465,0.03410,-0.00733,0.15385,0,0,soft
7660,1.96876,1.93465,0.03410,-0.00733,0.14896,0,0,soft
7665,1.96876,1.93465,0.03410,-0.00733,0.15385,0,0,soft
7670,1.96876,1.93465,0.03410,-0.00733,0.14896,0,0,soft
7675,1.96876,1.93465,0.03410,-0.00733,0.14896,0,0,soft
7680,1.96876,1.93465,0.03410,-0.00733,0.15873,0,0,soft
7685,1.96876,1.93465,0.03410,-0.00733,0.15385,0,0,soft
7690,1.96876,1.93465,0.03410,-0.00733,0.15385,0,0,soft
7695,1.96876,1.93465,0.03410,-0.00733,0.14896,0,0,soft
7700,1.96876,1.93465,0.03410,-0.00733,0.15385,0,0,soft
7705,1.96876,1.93465,0.03410,-0.00733,0.15385,0,0,soft
7710,1.96876,1.93465,0.03410,-0.00733,0.15385,0,0,soft
7716,1.96876,1.93465,0.03410,-0.00733,0.15385,0,0,soft
7721,1.96876,1.93465,0.03410,-0.00733,0.15385,0,0,soft
7726,1.96876,1.93465,0.03410,-0.00733,0.15385,0,0,soft
7731,1.96876,1.93465,0.03410,-0.00733,0.14896,0,0,soft
7736,1.96876,1.93465,0.03410,-0.00733,0.14896,0,0,soft
7741,1.96876,1.93465,0.03410,-0.00733,0.14896,0,0,soft
7746,1.96876,1.93465,0.03410,-0.00733,0.15385,0,0,soft
7751,1.96876,1.93465,0.03410,-0.00733,0.15385,0,0,soft
7756,1.96876,1.93465,0.03410,-0.00733,0.15385,0,0,soft
7761,1.96876,1.93465,0.03410,-0.00733,0.15385,0,0,soft
7766,1.96876,1.93465,0.03410,-0.00733,0.15385,0,0,soft
7771,1.96876,1.93465,0.03410,-0.00733,0.14896,0,0,soft
7776,1.96876,1.93465,0.03410,-0.00733,0.15385,0,0,soft
7781,1.96876,1.93465,0.03410,-0.00733,0.14896,0,0,soft
7786,1.96876,1.93465,0.03410,-0.00733,0.15385,0,0,soft
7791,1.96876,1.93465,0.03410,-0.00733,0.15385,0,0,soft
7796,1.96876,1.93465,0.03410,-0.00733,0.14896,0,0,soft
7801,1.96876,1.93465,0.03410,-0.00733,0.14896,0,0,soft
7807,1.96876,1.93465,0.03410,-0.00733,0.15385,0,0,soft
7812,1.96876,1.93465,0.03410,-0.00733,0.14896,0,0,soft
7817,1.96876,1.93465,0.03410,-0.00733,0.14896,0,0,soft
7822,1.96876,1.93465,0.03410,-0.00733,0.15385,0,0,soft
7827,1.96876,1.93465,0.03410,-0.00733,0.15385,0,0,soft
7832,1.96876,1.93465,0.03410,-0.00733,0.15385,0,0,soft
7837,1.96876,1.93465,0.03410,-0.00733,0.15873,0,0,soft
7842,1.96876,1.93465,0.03410,-0.00733,0.15385,0,0,soft
7847,1.96876,1.93465,0.03410,-0.00733,0.14896,0,0,soft
7852,1.96876,1.93465,0.03410,-0.00733,0.15385,0,0,soft
7857,1.96876,1.93465,0.03410,-0.00733,0.15385,0,0,soft
7862,1.96876,1.93465,0.03410,-0.00733,0.14896,0,0,soft
7867,1.96876,1.93465,0.03410,-0.00733,0.15385,0,0,soft
7872,1.96876,1.93465,0.03410,-0.00733,0.15385,0,0,soft
7877,1.96876,1.93465,0.03410,-0.00733,0.14896,0,0,soft
7882,1.96876,1.93465,0.03410,-0.00733,0.14896,0,0,soft
7887,1.96876,1.93465,0.03410,-0.00733,0.15385,0,0,soft
7892,1.96876,1.93465,0.03410,-0.00733,0.14896,0,0,soft
7898,1.96876,1.93465,0.03410,-0.00733,0.14896,0,0,soft
7903,1.96876,1.93465,0.03410,-0.00733,0.15385,0,0,soft
7908,1.96876,1.93465,0.03410,-0.00733,0.15385,0,0,soft
7913,1.96876,1.93465,0.03410,-0.00733,0.14896,0,0,soft
7918,1.96876,1.93465,0.03410,-0.00733,0.15385,0,0,soft
7923,1.96876,1.93465,0.03410,-0.00733,0.15385,0,0,soft
7928,1.96876,1.93465,0.03410,-0.00733,0.15385,0,0,soft
7933,1.96876,1.93465,0.03410,-0.00733,0.14896,0,0,soft
7938,1.96876,1.93465,0.03410,-0.00733,0.15385,0,0,soft
7943,1.96876,1.93465,0.03410,-0.00733,0.14896,0,0,soft
7948,1.96876,1.93465,0.03410,-0.00733,0.15385,0,0,soft
7953,1.96876,1.93465,0.03410,-0.00733,0.15385,0,0,soft
7958,1.96876,1.93465,0.03410,-0.00733,0.15385,0,0,soft
